Copyright 1986-2022 Xilinx, Inc. All Rights Reserved. Copyright 2022-2025 Advanced Micro Devices, Inc. All Rights Reserved.
---------------------------------------------------------------------------------------------------------------------------------------------------------------------------------------------------------------------------------------
| Tool Version : Vivado v.2025.2 (lin64) Build 6299465 Fri Nov 14 12:34:56 MST 2025
| Date         : Tue Jun  9 21:46:16 2026
| Host         : shootout running 64-bit Ubuntu 24.04.4 LTS
| Command      : report_timing_summary -max_paths 10 -routable_nets -report_unconstrained -file topmodule_timing_summary_routed.rpt -pb topmodule_timing_summary_routed.pb -rpx topmodule_timing_summary_routed.rpx -warn_on_violation
| Design       : topmodule
| Device       : 7a200t-fbg676
| Speed File   : -2  PRODUCTION 1.23 2018-06-13
| Design State : Routed
---------------------------------------------------------------------------------------------------------------------------------------------------------------------------------------------------------------------------------------

Timing Summary Report

------------------------------------------------------------------------------------------------
| Timer Settings
| --------------
------------------------------------------------------------------------------------------------

  Enable Multi Corner Analysis               :  Yes
  Enable Pessimism Removal                   :  Yes
  Pessimism Removal Resolution               :  Nearest Common Node
  Enable Input Delay Default Clock           :  No
  Enable Preset / Clear Arcs                 :  No
  Disable Flight Delays                      :  No
  Ignore I/O Paths                           :  No
  Timing Early Launch at Borrowing Latches   :  No
  Borrow Time for Max Delay Exceptions       :  Yes
  Merge Timing Exceptions                    :  Yes
  Inter-SLR Compensation                     :  Conservative

  Corner  Analyze    Analyze    
  Name    Max Paths  Min Paths  
  ------  ---------  ---------  
  Slow    Yes        Yes        
  Fast    Yes        Yes        


------------------------------------------------------------------------------------------------
| Report Methodology
| ------------------
------------------------------------------------------------------------------------------------

Rule       Severity  Description                    Violations  
---------  --------  -----------------------------  ----------  
LUTAR-1    Warning   LUT drives async reset alert   2           
TIMING-18  Warning   Missing input or output delay  33          

Note: This report is based on the most recent report_methodology run and may not be up-to-date. Run report_methodology on the current design for the latest report.



check_timing report

Table of Contents
-----------------
1. checking no_clock (0)
2. checking constant_clock (0)
3. checking pulse_width_clock (0)
4. checking unconstrained_internal_endpoints (0)
5. checking no_input_delay (1)
6. checking no_output_delay (32)
7. checking multiple_clock (0)
8. checking generated_clocks (0)
9. checking loops (0)
10. checking partial_input_delay (0)
11. checking partial_output_delay (0)
12. checking latch_loops (0)

1. checking no_clock (0)
------------------------
 There are 0 register/latch pins with no clock.


2. checking constant_clock (0)
------------------------------
 There are 0 register/latch pins with constant_clock.


3. checking pulse_width_clock (0)
---------------------------------
 There are 0 register/latch pins which need pulse_width check


4. checking unconstrained_internal_endpoints (0)
------------------------------------------------
 There are 0 pins that are not constrained for maximum delay.

 There are 0 pins that are not constrained for maximum delay due to constant clock.


5. checking no_input_delay (1)
------------------------------
 There is 1 input port with no input delay specified. (HIGH)

 There are 0 input ports with no input delay but user has a false path constraint.


6. checking no_output_delay (32)
--------------------------------
 There are 32 ports with no output delay specified. (HIGH)

 There are 0 ports with no output delay but user has a false path constraint

 There are 0 ports with no output delay but with a timing clock defined on it or propagating through it


7. checking multiple_clock (0)
------------------------------
 There are 0 register/latch pins with multiple clocks.


8. checking generated_clocks (0)
--------------------------------
 There are 0 generated clocks that are not connected to a clock source.


9. checking loops (0)
---------------------
 There are 0 combinational loops in the design.


10. checking partial_input_delay (0)
------------------------------------
 There are 0 input ports with partial input delay specified.


11. checking partial_output_delay (0)
-------------------------------------
 There are 0 ports with partial output delay specified.


12. checking latch_loops (0)
----------------------------
 There are 0 combinational latch loops in the design through latch input



------------------------------------------------------------------------------------------------
| Design Timing Summary
| ---------------------
------------------------------------------------------------------------------------------------

    WNS(ns)      TNS(ns)  TNS Failing Endpoints  TNS Total Endpoints      WHS(ns)      THS(ns)  THS Failing Endpoints  THS Total Endpoints     WPWS(ns)     TPWS(ns)  TPWS Failing Endpoints  TPWS Total Endpoints  
    -------      -------  ---------------------  -------------------      -------      -------  ---------------------  -------------------     --------     --------  ----------------------  --------------------  
      0.079        0.000                      0                 7037        0.084        0.000                      0                 7037        2.620        0.000                       0                  2509  


All user specified timing constraints are met.


------------------------------------------------------------------------------------------------
| Clock Summary
| -------------
------------------------------------------------------------------------------------------------

Clock  Waveform(ns)         Period(ns)      Frequency(MHz)
-----  ------------         ----------      --------------
clk    {0.000 3.750}        7.500           133.333         


------------------------------------------------------------------------------------------------
| Intra Clock Table
| -----------------
------------------------------------------------------------------------------------------------

Clock             WNS(ns)      TNS(ns)  TNS Failing Endpoints  TNS Total Endpoints      WHS(ns)      THS(ns)  THS Failing Endpoints  THS Total Endpoints     WPWS(ns)     TPWS(ns)  TPWS Failing Endpoints  TPWS Total Endpoints  
-----             -------      -------  ---------------------  -------------------      -------      -------  ---------------------  -------------------     --------     --------  ----------------------  --------------------  
clk                 0.079        0.000                      0                 6690        0.084        0.000                      0                 6690        2.620        0.000                       0                  2509  


------------------------------------------------------------------------------------------------
| Inter Clock Table
| -----------------
------------------------------------------------------------------------------------------------

From Clock    To Clock          WNS(ns)      TNS(ns)  TNS Failing Endpoints  TNS Total Endpoints      WHS(ns)      THS(ns)  THS Failing Endpoints  THS Total Endpoints  
----------    --------          -------      -------  ---------------------  -------------------      -------      -------  ---------------------  -------------------  


------------------------------------------------------------------------------------------------
| Other Path Groups Table
| -----------------------
------------------------------------------------------------------------------------------------

Path Group         From Clock         To Clock               WNS(ns)      TNS(ns)  TNS Failing Endpoints  TNS Total Endpoints      WHS(ns)      THS(ns)  THS Failing Endpoints  THS Total Endpoints  
----------         ----------         --------               -------      -------  ---------------------  -------------------      -------      -------  ---------------------  -------------------  
**async_default**  clk                clk                      1.137        0.000                      0                  347        0.965        0.000                      0                  347  


------------------------------------------------------------------------------------------------
| User Ignored Path Table
| -----------------------
------------------------------------------------------------------------------------------------

Path Group    From Clock    To Clock    
----------    ----------    --------    


------------------------------------------------------------------------------------------------
| Unconstrained Path Table
| ------------------------
------------------------------------------------------------------------------------------------

Path Group    From Clock    To Clock    
----------    ----------    --------    
(none)        clk                         
(none)                      clk           


------------------------------------------------------------------------------------------------
| Timing Details
| --------------
------------------------------------------------------------------------------------------------


---------------------------------------------------------------------------------------------------
From Clock:  clk
  To Clock:  clk

Setup :            0  Failing Endpoints,  Worst Slack        0.079ns,  Total Violation        0.000ns
Hold  :            0  Failing Endpoints,  Worst Slack        0.084ns,  Total Violation        0.000ns
PW    :            0  Failing Endpoints,  Worst Slack        2.620ns,  Total Violation        0.000ns
---------------------------------------------------------------------------------------------------


Max Delay Paths
--------------------------------------------------------------------------------------
Slack (MET) :             0.079ns  (required time - arrival time)
  Source:                 MaWb_reg/MaWb_addrd_reg[1]/C
                            (rising edge-triggered cell FDCE clocked by clk  {rise@0.000ns fall@3.750ns period=7.500ns})
  Destination:            ExMa_reg/ExMa_alu_output_reg[2]_rep/D
                            (rising edge-triggered cell FDCE clocked by clk  {rise@0.000ns fall@3.750ns period=7.500ns})
  Path Group:             clk
  Path Type:              Setup (Max at Slow Process Corner)
  Requirement:            7.500ns  (clk rise@7.500ns - clk rise@0.000ns)
  Data Path Delay:        7.225ns  (logic 1.443ns (19.971%)  route 5.782ns (80.029%))
  Logic Levels:           8  (LUT6=7 MUXF7=1)
  Clock Path Skew:        -0.113ns (DCD - SCD + CPR)
    Destination Clock Delay (DCD):    3.954ns = ( 11.454 - 7.500 ) 
    Source Clock Delay      (SCD):    4.360ns
    Clock Pessimism Removal (CPR):    0.294ns
  Clock Uncertainty:      0.035ns  ((TSJ^2 + TIJ^2)^1/2 + DJ) / 2 + PE
    Total System Jitter     (TSJ):    0.071ns
    Total Input Jitter      (TIJ):    0.000ns
    Discrete Jitter          (DJ):    0.000ns
    Phase Error              (PE):    0.000ns

    Location             Delay type                Incr(ns)  Path(ns)    Netlist Resource(s)
  -------------------------------------------------------------------    -------------------
                         (clock clk rise edge)        0.000     0.000 r  
    L22                                               0.000     0.000 r  clk (IN)
                         net (fo=0)                   0.000     0.000    clk
    L22                  IBUF (Prop_ibuf_I_O)         0.893     0.893 r  clk_IBUF_inst/O
                         net (fo=1, routed)           1.827     2.720    clk_IBUF
    BUFGCTRL_X0Y0        BUFG (Prop_bufg_I_O)         0.081     2.801 r  clk_IBUF_BUFG_inst/O
                         net (fo=2508, routed)        1.560     4.360    MaWb_reg/clk_IBUF_BUFG
    SLICE_X3Y116         FDCE                                         r  MaWb_reg/MaWb_addrd_reg[1]/C
  -------------------------------------------------------------------    -------------------
    SLICE_X3Y116         FDCE (Prop_fdce_C_Q)         0.379     4.739 r  MaWb_reg/MaWb_addrd_reg[1]/Q
                         net (fo=96, routed)          0.853     5.592    MaWb_reg/Q[1]
    SLICE_X1Y116         LUT6 (Prop_lut6_I1_O)        0.105     5.697 r  MaWb_reg/ExMa_datab[31]_i_4/O
                         net (fo=2, routed)           0.326     6.023    MaWb_reg/p_3_in
    SLICE_X3Y116         LUT6 (Prop_lut6_I4_O)        0.105     6.128 r  MaWb_reg/ExMa_alu_output[31]_i_13/O
                         net (fo=109, routed)         1.077     7.205    a_select/ExMa_alu_output[0]_i_24
    SLICE_X3Y123         LUT6 (Prop_lut6_I2_O)        0.105     7.310 r  a_select/ExMa_alu_output[30]_i_7/O
                         net (fo=23, routed)          1.043     8.354    IdEx_reg/asel_out[30]
    SLICE_X3Y122         LUT6 (Prop_lut6_I1_O)        0.105     8.459 r  IdEx_reg/ExMa_alu_output[26]_i_16/O
                         net (fo=4, routed)           0.850     9.308    IdEx_reg/IdEx_pc_out_reg[31]_1
    SLICE_X7Y119         LUT6 (Prop_lut6_I0_O)        0.105     9.413 r  IdEx_reg/ExMa_alu_output[2]_i_12/O
                         net (fo=2, routed)           0.464     9.877    IdEx_reg/ExMa_alu_output[2]_i_12_n_0
    SLICE_X7Y120         LUT6 (Prop_lut6_I1_O)        0.105     9.982 r  IdEx_reg/ExMa_alu_output[2]_i_7/O
                         net (fo=1, routed)           0.000     9.982    IdEx_reg/ExMa_alu_output[2]_i_7_n_0
    SLICE_X7Y120         MUXF7 (Prop_muxf7_I1_O)      0.182    10.164 r  IdEx_reg/ExMa_alu_output_reg[2]_i_3/O
                         net (fo=4, routed)           0.682    10.846    IdEx_reg/ExMa_alu_output_reg[2]_i_3_n_0
    SLICE_X10Y119        LUT6 (Prop_lut6_I3_O)        0.252    11.098 r  IdEx_reg/ExMa_alu_output[2]_rep_i_1/O
                         net (fo=1, routed)           0.487    11.586    ExMa_reg/ExMa_alu_output_reg[2]_rep_5
    SLICE_X11Y120        FDCE                                         r  ExMa_reg/ExMa_alu_output_reg[2]_rep/D
  -------------------------------------------------------------------    -------------------

                         (clock clk rise edge)        7.500     7.500 r  
    L22                                               0.000     7.500 r  clk (IN)
                         net (fo=0)                   0.000     7.500    clk
    L22                  IBUF (Prop_ibuf_I_O)         0.762     8.262 r  clk_IBUF_inst/O
                         net (fo=1, routed)           1.734     9.996    clk_IBUF
    BUFGCTRL_X0Y0        BUFG (Prop_bufg_I_O)         0.077    10.073 r  clk_IBUF_BUFG_inst/O
                         net (fo=2508, routed)        1.381    11.454    ExMa_reg/clk_IBUF_BUFG
    SLICE_X11Y120        FDCE                                         r  ExMa_reg/ExMa_alu_output_reg[2]_rep/C
                         clock pessimism              0.294    11.747    
                         clock uncertainty           -0.035    11.712    
    SLICE_X11Y120        FDCE (Setup_fdce_C_D)       -0.047    11.665    ExMa_reg/ExMa_alu_output_reg[2]_rep
  -------------------------------------------------------------------
                         required time                         11.665    
                         arrival time                         -11.586    
  -------------------------------------------------------------------
                         slack                                  0.079    

Slack (MET) :             0.210ns  (required time - arrival time)
  Source:                 program_counter/pc_reg[3]_rep__0/C
                            (rising edge-triggered cell FDRE clocked by clk  {rise@0.000ns fall@3.750ns period=7.500ns})
  Destination:            program_counter/pc_reg[5]/D
                            (rising edge-triggered cell FDRE clocked by clk  {rise@0.000ns fall@3.750ns period=7.500ns})
  Path Group:             clk
  Path Type:              Setup (Max at Slow Process Corner)
  Requirement:            7.500ns  (clk rise@7.500ns - clk rise@0.000ns)
  Data Path Delay:        7.203ns  (logic 2.304ns (31.988%)  route 4.899ns (68.013%))
  Logic Levels:           10  (CARRY4=3 LUT5=1 LUT6=4 MUXF7=1 MUXF8=1)
  Clock Path Skew:        -0.037ns (DCD - SCD + CPR)
    Destination Clock Delay (DCD):    3.961ns = ( 11.461 - 7.500 ) 
    Source Clock Delay      (SCD):    4.291ns
    Clock Pessimism Removal (CPR):    0.294ns
  Clock Uncertainty:      0.035ns  ((TSJ^2 + TIJ^2)^1/2 + DJ) / 2 + PE
    Total System Jitter     (TSJ):    0.071ns
    Total Input Jitter      (TIJ):    0.000ns
    Discrete Jitter          (DJ):    0.000ns
    Phase Error              (PE):    0.000ns

    Location             Delay type                Incr(ns)  Path(ns)    Netlist Resource(s)
  -------------------------------------------------------------------    -------------------
                         (clock clk rise edge)        0.000     0.000 r  
    L22                                               0.000     0.000 r  clk (IN)
                         net (fo=0)                   0.000     0.000    clk
    L22                  IBUF (Prop_ibuf_I_O)         0.893     0.893 r  clk_IBUF_inst/O
                         net (fo=1, routed)           1.827     2.720    clk_IBUF
    BUFGCTRL_X0Y0        BUFG (Prop_bufg_I_O)         0.081     2.801 r  clk_IBUF_BUFG_inst/O
                         net (fo=2508, routed)        1.491     4.291    program_counter/clk_IBUF_BUFG
    SLICE_X15Y117        FDRE                                         r  program_counter/pc_reg[3]_rep__0/C
  -------------------------------------------------------------------    -------------------
    SLICE_X15Y117        FDRE (Prop_fdre_C_Q)         0.379     4.670 r  program_counter/pc_reg[3]_rep__0/Q
                         net (fo=121, routed)         1.232     5.903    branch_target_buffer/IfId_pred_target_reg[0][1]
    SLICE_X20Y106        LUT6 (Prop_lut6_I2_O)        0.105     6.008 r  branch_target_buffer/IfId_pred_target[31]_i_195/O
                         net (fo=1, routed)           0.000     6.008    branch_target_buffer/IfId_pred_target[31]_i_195_n_0
    SLICE_X20Y106        MUXF7 (Prop_muxf7_I1_O)      0.206     6.214 r  branch_target_buffer/IfId_pred_target_reg[31]_i_104/O
                         net (fo=1, routed)           0.000     6.214    branch_target_buffer/IfId_pred_target_reg[31]_i_104_n_0
    SLICE_X20Y106        MUXF8 (Prop_muxf8_I0_O)      0.082     6.296 r  branch_target_buffer/IfId_pred_target_reg[31]_i_55/O
                         net (fo=1, routed)           1.261     7.557    branch_target_buffer/tag[0]
    SLICE_X9Y124         LUT6 (Prop_lut6_I0_O)        0.259     7.816 r  branch_target_buffer/IfId_pred_target[31]_i_27/O
                         net (fo=1, routed)           0.000     7.816    branch_target_buffer/IfId_pred_target[31]_i_27_n_0
    SLICE_X9Y124         CARRY4 (Prop_carry4_S[0]_CO[3])
                                                      0.440     8.256 r  branch_target_buffer/IfId_pred_target_reg[31]_i_16/CO[3]
                         net (fo=1, routed)           0.008     8.264    branch_target_buffer/IfId_pred_target_reg[31]_i_16_n_0
    SLICE_X9Y125         CARRY4 (Prop_carry4_CI_CO[3])
                                                      0.098     8.362 r  branch_target_buffer/IfId_pred_target_reg[31]_i_14/CO[3]
                         net (fo=1, routed)           0.000     8.362    branch_target_buffer/IfId_pred_target_reg[31]_i_14_n_0
    SLICE_X9Y126         CARRY4 (Prop_carry4_CI_CO[0])
                                                      0.216     8.578 r  branch_target_buffer/IfId_pred_target_reg[31]_i_9/CO[0]
                         net (fo=1, routed)           0.244     8.822    branch_target_buffer/hit0
    SLICE_X11Y126        LUT6 (Prop_lut6_I5_O)        0.309     9.131 r  branch_target_buffer/IfId_pred_target[31]_i_2/O
                         net (fo=33, routed)          1.106    10.238    branch_target_buffer/btb_hit
    SLICE_X19Y105        LUT6 (Prop_lut6_I0_O)        0.105    10.343 r  branch_target_buffer/IfId_pred_target[5]_i_1/O
                         net (fo=2, routed)           0.618    10.960    final_pc/pc_reg[31][5]
    SLICE_X18Y110        LUT5 (Prop_lut5_I1_O)        0.105    11.065 r  final_pc/pc[5]_i_1/O
                         net (fo=1, routed)           0.429    11.494    program_counter/D[5]
    SLICE_X18Y110        FDRE                                         r  program_counter/pc_reg[5]/D
  -------------------------------------------------------------------    -------------------

                         (clock clk rise edge)        7.500     7.500 r  
    L22                                               0.000     7.500 r  clk (IN)
                         net (fo=0)                   0.000     7.500    clk
    L22                  IBUF (Prop_ibuf_I_O)         0.762     8.262 r  clk_IBUF_inst/O
                         net (fo=1, routed)           1.734     9.996    clk_IBUF
    BUFGCTRL_X0Y0        BUFG (Prop_bufg_I_O)         0.077    10.073 r  clk_IBUF_BUFG_inst/O
                         net (fo=2508, routed)        1.388    11.461    program_counter/clk_IBUF_BUFG
    SLICE_X18Y110        FDRE                                         r  program_counter/pc_reg[5]/C
                         clock pessimism              0.294    11.754    
                         clock uncertainty           -0.035    11.719    
    SLICE_X18Y110        FDRE (Setup_fdre_C_D)       -0.015    11.704    program_counter/pc_reg[5]
  -------------------------------------------------------------------
                         required time                         11.704    
                         arrival time                         -11.494    
  -------------------------------------------------------------------
                         slack                                  0.210    

Slack (MET) :             0.242ns  (required time - arrival time)
  Source:                 ExMa_reg/ExMa_regwen_reg/C
                            (rising edge-triggered cell FDCE clocked by clk  {rise@0.000ns fall@3.750ns period=7.500ns})
  Destination:            ExMa_reg/ExMa_alu_output_reg[3]_rep__1/D
                            (rising edge-triggered cell FDCE clocked by clk  {rise@0.000ns fall@3.750ns period=7.500ns})
  Path Group:             clk
  Path Type:              Setup (Max at Slow Process Corner)
  Requirement:            7.500ns  (clk rise@7.500ns - clk rise@0.000ns)
  Data Path Delay:        7.142ns  (logic 1.497ns (20.959%)  route 5.645ns (79.041%))
  Logic Levels:           8  (LUT6=7 MUXF7=1)
  Clock Path Skew:        -0.048ns (DCD - SCD + CPR)
    Destination Clock Delay (DCD):    4.019ns = ( 11.519 - 7.500 ) 
    Source Clock Delay      (SCD):    4.360ns
    Clock Pessimism Removal (CPR):    0.294ns
  Clock Uncertainty:      0.035ns  ((TSJ^2 + TIJ^2)^1/2 + DJ) / 2 + PE
    Total System Jitter     (TSJ):    0.071ns
    Total Input Jitter      (TIJ):    0.000ns
    Discrete Jitter          (DJ):    0.000ns
    Phase Error              (PE):    0.000ns

    Location             Delay type                Incr(ns)  Path(ns)    Netlist Resource(s)
  -------------------------------------------------------------------    -------------------
                         (clock clk rise edge)        0.000     0.000 r  
    L22                                               0.000     0.000 r  clk (IN)
                         net (fo=0)                   0.000     0.000    clk
    L22                  IBUF (Prop_ibuf_I_O)         0.893     0.893 r  clk_IBUF_inst/O
                         net (fo=1, routed)           1.827     2.720    clk_IBUF
    BUFGCTRL_X0Y0        BUFG (Prop_bufg_I_O)         0.081     2.801 r  clk_IBUF_BUFG_inst/O
                         net (fo=2508, routed)        1.560     4.360    ExMa_reg/clk_IBUF_BUFG
    SLICE_X2Y116         FDCE                                         r  ExMa_reg/ExMa_regwen_reg/C
  -------------------------------------------------------------------    -------------------
    SLICE_X2Y116         FDCE (Prop_fdce_C_Q)         0.433     4.793 r  ExMa_reg/ExMa_regwen_reg/Q
                         net (fo=2, routed)           0.558     5.351    ExMa_reg/ExMa_regwen
    SLICE_X3Y116         LUT6 (Prop_lut6_I0_O)        0.105     5.456 r  ExMa_reg/ExMa_datab[31]_i_6/O
                         net (fo=36, routed)          0.729     6.185    ExMa_reg/p_5_in
    SLICE_X3Y117         LUT6 (Prop_lut6_I3_O)        0.105     6.290 r  ExMa_reg/ExMa_alu_output[31]_i_14/O
                         net (fo=109, routed)         1.145     7.435    a_select/ExMa_alu_output[0]_i_24_0
    SLICE_X5Y126         LUT6 (Prop_lut6_I3_O)        0.105     7.540 r  a_select/ExMa_alu_output[26]_i_7/O
                         net (fo=12, routed)          0.930     8.470    IdEx_reg/asel_out[26]
    SLICE_X2Y123         LUT6 (Prop_lut6_I0_O)        0.105     8.575 r  IdEx_reg/ExMa_alu_output[20]_i_12/O
                         net (fo=6, routed)           0.685     9.260    IdEx_reg/ExMa_alu_output[20]_i_12_n_0
    SLICE_X1Y120         LUT6 (Prop_lut6_I3_O)        0.105     9.365 r  IdEx_reg/ExMa_alu_output[4]_i_11/O
                         net (fo=2, routed)           0.547     9.912    IdEx_reg/ExMa_alu_output[4]_i_11_n_0
    SLICE_X1Y121         LUT6 (Prop_lut6_I0_O)        0.105    10.017 r  IdEx_reg/ExMa_alu_output[3]_i_7/O
                         net (fo=1, routed)           0.000    10.017    IdEx_reg/ExMa_alu_output[3]_i_7_n_0
    SLICE_X1Y121         MUXF7 (Prop_muxf7_I1_O)      0.182    10.199 r  IdEx_reg/ExMa_alu_output_reg[3]_i_3/O
                         net (fo=4, routed)           0.651    10.850    IdEx_reg/ExMa_alu_output_reg[3]_i_3_n_0
    SLICE_X7Y125         LUT6 (Prop_lut6_I3_O)        0.252    11.102 r  IdEx_reg/ExMa_alu_output[3]_rep__1_i_1/O
                         net (fo=1, routed)           0.400    11.503    ExMa_reg/ExMa_alu_output_reg[3]_rep__1_0
    SLICE_X7Y122         FDCE                                         r  ExMa_reg/ExMa_alu_output_reg[3]_rep__1/D
  -------------------------------------------------------------------    -------------------

                         (clock clk rise edge)        7.500     7.500 r  
    L22                                               0.000     7.500 r  clk (IN)
                         net (fo=0)                   0.000     7.500    clk
    L22                  IBUF (Prop_ibuf_I_O)         0.762     8.262 r  clk_IBUF_inst/O
                         net (fo=1, routed)           1.734     9.996    clk_IBUF
    BUFGCTRL_X0Y0        BUFG (Prop_bufg_I_O)         0.077    10.073 r  clk_IBUF_BUFG_inst/O
                         net (fo=2508, routed)        1.446    11.519    ExMa_reg/clk_IBUF_BUFG
    SLICE_X7Y122         FDCE                                         r  ExMa_reg/ExMa_alu_output_reg[3]_rep__1/C
                         clock pessimism              0.294    11.812    
                         clock uncertainty           -0.035    11.777    
    SLICE_X7Y122         FDCE (Setup_fdce_C_D)       -0.032    11.745    ExMa_reg/ExMa_alu_output_reg[3]_rep__1
  -------------------------------------------------------------------
                         required time                         11.745    
                         arrival time                         -11.503    
  -------------------------------------------------------------------
                         slack                                  0.242    

Slack (MET) :             0.266ns  (required time - arrival time)
  Source:                 MaWb_reg/MaWb_addrd_reg[1]/C
                            (rising edge-triggered cell FDCE clocked by clk  {rise@0.000ns fall@3.750ns period=7.500ns})
  Destination:            ExMa_reg/ExMa_alu_output_reg[26]/D
                            (rising edge-triggered cell FDCE clocked by clk  {rise@0.000ns fall@3.750ns period=7.500ns})
  Path Group:             clk
  Path Type:              Setup (Max at Slow Process Corner)
  Requirement:            7.500ns  (clk rise@7.500ns - clk rise@0.000ns)
  Data Path Delay:        7.160ns  (logic 1.611ns (22.501%)  route 5.549ns (77.499%))
  Logic Levels:           8  (LUT4=1 LUT6=6 MUXF7=1)
  Clock Path Skew:        -0.115ns (DCD - SCD + CPR)
    Destination Clock Delay (DCD):    3.952ns = ( 11.452 - 7.500 ) 
    Source Clock Delay      (SCD):    4.360ns
    Clock Pessimism Removal (CPR):    0.294ns
  Clock Uncertainty:      0.035ns  ((TSJ^2 + TIJ^2)^1/2 + DJ) / 2 + PE
    Total System Jitter     (TSJ):    0.071ns
    Total Input Jitter      (TIJ):    0.000ns
    Discrete Jitter          (DJ):    0.000ns
    Phase Error              (PE):    0.000ns

    Location             Delay type                Incr(ns)  Path(ns)    Netlist Resource(s)
  -------------------------------------------------------------------    -------------------
                         (clock clk rise edge)        0.000     0.000 r  
    L22                                               0.000     0.000 r  clk (IN)
                         net (fo=0)                   0.000     0.000    clk
    L22                  IBUF (Prop_ibuf_I_O)         0.893     0.893 r  clk_IBUF_inst/O
                         net (fo=1, routed)           1.827     2.720    clk_IBUF
    BUFGCTRL_X0Y0        BUFG (Prop_bufg_I_O)         0.081     2.801 r  clk_IBUF_BUFG_inst/O
                         net (fo=2508, routed)        1.560     4.360    MaWb_reg/clk_IBUF_BUFG
    SLICE_X3Y116         FDCE                                         r  MaWb_reg/MaWb_addrd_reg[1]/C
  -------------------------------------------------------------------    -------------------
    SLICE_X3Y116         FDCE (Prop_fdce_C_Q)         0.379     4.739 r  MaWb_reg/MaWb_addrd_reg[1]/Q
                         net (fo=96, routed)          0.853     5.592    MaWb_reg/Q[1]
    SLICE_X1Y116         LUT6 (Prop_lut6_I1_O)        0.105     5.697 r  MaWb_reg/ExMa_datab[31]_i_4/O
                         net (fo=2, routed)           0.326     6.023    MaWb_reg/p_3_in
    SLICE_X3Y116         LUT6 (Prop_lut6_I4_O)        0.105     6.128 r  MaWb_reg/ExMa_alu_output[31]_i_13/O
                         net (fo=109, routed)         1.077     7.205    a_select/ExMa_alu_output[0]_i_24
    SLICE_X3Y123         LUT6 (Prop_lut6_I2_O)        0.105     7.310 r  a_select/ExMa_alu_output[30]_i_7/O
                         net (fo=23, routed)          1.043     8.354    IdEx_reg/asel_out[30]
    SLICE_X3Y122         LUT6 (Prop_lut6_I1_O)        0.105     8.459 r  IdEx_reg/ExMa_alu_output[26]_i_16/O
                         net (fo=4, routed)           0.687     9.145    MaWb_reg/ExMa_alu_output[26]_i_6
    SLICE_X3Y128         LUT4 (Prop_lut4_I3_O)        0.110     9.255 r  MaWb_reg/ExMa_alu_output[26]_i_9/O
                         net (fo=2, routed)           0.661     9.916    IdEx_reg/ExMa_alu_output_reg[26]_i_3_0
    SLICE_X5Y128         LUT6 (Prop_lut6_I1_O)        0.268    10.184 r  IdEx_reg/ExMa_alu_output[26]_i_6/O
                         net (fo=1, routed)           0.000    10.184    IdEx_reg/ExMa_alu_output[26]_i_6_n_0
    SLICE_X5Y128         MUXF7 (Prop_muxf7_I1_O)      0.182    10.366 r  IdEx_reg/ExMa_alu_output_reg[26]_i_3/O
                         net (fo=1, routed)           0.902    11.268    IdEx_reg/ExMa_alu_output_reg[26]_i_3_n_0
    SLICE_X8Y122         LUT6 (Prop_lut6_I3_O)        0.252    11.520 r  IdEx_reg/ExMa_alu_output[26]_i_1/O
                         net (fo=1, routed)           0.000    11.520    ExMa_reg/ExMa_alu_output_reg[31]_1[26]
    SLICE_X8Y122         FDCE                                         r  ExMa_reg/ExMa_alu_output_reg[26]/D
  -------------------------------------------------------------------    -------------------

                         (clock clk rise edge)        7.500     7.500 r  
    L22                                               0.000     7.500 r  clk (IN)
                         net (fo=0)                   0.000     7.500    clk
    L22                  IBUF (Prop_ibuf_I_O)         0.762     8.262 r  clk_IBUF_inst/O
                         net (fo=1, routed)           1.734     9.996    clk_IBUF
    BUFGCTRL_X0Y0        BUFG (Prop_bufg_I_O)         0.077    10.073 r  clk_IBUF_BUFG_inst/O
                         net (fo=2508, routed)        1.379    11.452    ExMa_reg/clk_IBUF_BUFG
    SLICE_X8Y122         FDCE                                         r  ExMa_reg/ExMa_alu_output_reg[26]/C
                         clock pessimism              0.294    11.745    
                         clock uncertainty           -0.035    11.710    
    SLICE_X8Y122         FDCE (Setup_fdce_C_D)        0.076    11.786    ExMa_reg/ExMa_alu_output_reg[26]
  -------------------------------------------------------------------
                         required time                         11.786    
                         arrival time                         -11.520    
  -------------------------------------------------------------------
                         slack                                  0.266    

Slack (MET) :             0.305ns  (required time - arrival time)
  Source:                 MaWb_reg/MaWb_addrd_reg[3]/C
                            (rising edge-triggered cell FDCE clocked by clk  {rise@0.000ns fall@3.750ns period=7.500ns})
  Destination:            registers/regs_reg_r2_0_31_18_23/RAMA/WADR3
                            (falling edge-triggered cell RAMD32 clocked by clk  {rise@0.000ns fall@3.750ns period=7.500ns})
  Path Group:             clk
  Path Type:              Setup (Max at Slow Process Corner)
  Requirement:            3.750ns  (clk fall@3.750ns - clk rise@0.000ns)
  Data Path Delay:        3.227ns  (logic 0.433ns (13.419%)  route 2.794ns (86.581%))
  Logic Levels:           0  
  Clock Path Skew:        -0.120ns (DCD - SCD + CPR)
    Destination Clock Delay (DCD):    3.949ns = ( 7.699 - 3.750 ) 
    Source Clock Delay      (SCD):    4.362ns
    Clock Pessimism Removal (CPR):    0.294ns
  Clock Uncertainty:      0.035ns  ((TSJ^2 + TIJ^2)^1/2 + DJ) / 2 + PE
    Total System Jitter     (TSJ):    0.071ns
    Total Input Jitter      (TIJ):    0.000ns
    Discrete Jitter          (DJ):    0.000ns
    Phase Error              (PE):    0.000ns

    Location             Delay type                Incr(ns)  Path(ns)    Netlist Resource(s)
  -------------------------------------------------------------------    -------------------
                         (clock clk rise edge)        0.000     0.000 r  
    L22                                               0.000     0.000 r  clk (IN)
                         net (fo=0)                   0.000     0.000    clk
    L22                  IBUF (Prop_ibuf_I_O)         0.893     0.893 r  clk_IBUF_inst/O
                         net (fo=1, routed)           1.827     2.720    clk_IBUF
    BUFGCTRL_X0Y0        BUFG (Prop_bufg_I_O)         0.081     2.801 r  clk_IBUF_BUFG_inst/O
                         net (fo=2508, routed)        1.562     4.362    MaWb_reg/clk_IBUF_BUFG
    SLICE_X2Y114         FDCE                                         r  MaWb_reg/MaWb_addrd_reg[3]/C
  -------------------------------------------------------------------    -------------------
    SLICE_X2Y114         FDCE (Prop_fdce_C_Q)         0.433     4.795 r  MaWb_reg/MaWb_addrd_reg[3]/Q
                         net (fo=96, routed)          2.794     7.589    registers/regs_reg_r2_0_31_18_23/ADDRD3
    SLICE_X12Y124        RAMD32                                       r  registers/regs_reg_r2_0_31_18_23/RAMA/WADR3
  -------------------------------------------------------------------    -------------------

                         (clock clk fall edge)        3.750     3.750 f  
    L22                                               0.000     3.750 f  clk (IN)
                         net (fo=0)                   0.000     3.750    clk
    L22                  IBUF (Prop_ibuf_I_O)         0.762     4.512 f  clk_IBUF_inst/O
                         net (fo=1, routed)           1.734     6.246    clk_IBUF
    BUFGCTRL_X0Y0        BUFG (Prop_bufg_I_O)         0.077     6.323 f  clk_IBUF_BUFG_inst/O
                         net (fo=2508, routed)        1.376     7.699    registers/regs_reg_r2_0_31_18_23/WCLK
    SLICE_X12Y124        RAMD32                                       r  registers/regs_reg_r2_0_31_18_23/RAMA/CLK  (IS_INVERTED)
                         clock pessimism              0.294     7.992    
                         clock uncertainty           -0.035     7.957    
    SLICE_X12Y124        RAMD32 (Setup_ramd32_CLK_WADR3)
                                                     -0.063     7.894    registers/regs_reg_r2_0_31_18_23/RAMA
  -------------------------------------------------------------------
                         required time                          7.894    
                         arrival time                          -7.589    
  -------------------------------------------------------------------
                         slack                                  0.305    

Slack (MET) :             0.305ns  (required time - arrival time)
  Source:                 MaWb_reg/MaWb_addrd_reg[3]/C
                            (rising edge-triggered cell FDCE clocked by clk  {rise@0.000ns fall@3.750ns period=7.500ns})
  Destination:            registers/regs_reg_r2_0_31_18_23/RAMA_D1/WADR3
                            (falling edge-triggered cell RAMD32 clocked by clk  {rise@0.000ns fall@3.750ns period=7.500ns})
  Path Group:             clk
  Path Type:              Setup (Max at Slow Process Corner)
  Requirement:            3.750ns  (clk fall@3.750ns - clk rise@0.000ns)
  Data Path Delay:        3.227ns  (logic 0.433ns (13.419%)  route 2.794ns (86.581%))
  Logic Levels:           0  
  Clock Path Skew:        -0.120ns (DCD - SCD + CPR)
    Destination Clock Delay (DCD):    3.949ns = ( 7.699 - 3.750 ) 
    Source Clock Delay      (SCD):    4.362ns
    Clock Pessimism Removal (CPR):    0.294ns
  Clock Uncertainty:      0.035ns  ((TSJ^2 + TIJ^2)^1/2 + DJ) / 2 + PE
    Total System Jitter     (TSJ):    0.071ns
    Total Input Jitter      (TIJ):    0.000ns
    Discrete Jitter          (DJ):    0.000ns
    Phase Error              (PE):    0.000ns

    Location             Delay type                Incr(ns)  Path(ns)    Netlist Resource(s)
  -------------------------------------------------------------------    -------------------
                         (clock clk rise edge)        0.000     0.000 r  
    L22                                               0.000     0.000 r  clk (IN)
                         net (fo=0)                   0.000     0.000    clk
    L22                  IBUF (Prop_ibuf_I_O)         0.893     0.893 r  clk_IBUF_inst/O
                         net (fo=1, routed)           1.827     2.720    clk_IBUF
    BUFGCTRL_X0Y0        BUFG (Prop_bufg_I_O)         0.081     2.801 r  clk_IBUF_BUFG_inst/O
                         net (fo=2508, routed)        1.562     4.362    MaWb_reg/clk_IBUF_BUFG
    SLICE_X2Y114         FDCE                                         r  MaWb_reg/MaWb_addrd_reg[3]/C
  -------------------------------------------------------------------    -------------------
    SLICE_X2Y114         FDCE (Prop_fdce_C_Q)         0.433     4.795 r  MaWb_reg/MaWb_addrd_reg[3]/Q
                         net (fo=96, routed)          2.794     7.589    registers/regs_reg_r2_0_31_18_23/ADDRD3
    SLICE_X12Y124        RAMD32                                       r  registers/regs_reg_r2_0_31_18_23/RAMA_D1/WADR3
  -------------------------------------------------------------------    -------------------

                         (clock clk fall edge)        3.750     3.750 f  
    L22                                               0.000     3.750 f  clk (IN)
                         net (fo=0)                   0.000     3.750    clk
    L22                  IBUF (Prop_ibuf_I_O)         0.762     4.512 f  clk_IBUF_inst/O
                         net (fo=1, routed)           1.734     6.246    clk_IBUF
    BUFGCTRL_X0Y0        BUFG (Prop_bufg_I_O)         0.077     6.323 f  clk_IBUF_BUFG_inst/O
                         net (fo=2508, routed)        1.376     7.699    registers/regs_reg_r2_0_31_18_23/WCLK
    SLICE_X12Y124        RAMD32                                       r  registers/regs_reg_r2_0_31_18_23/RAMA_D1/CLK  (IS_INVERTED)
                         clock pessimism              0.294     7.992    
                         clock uncertainty           -0.035     7.957    
    SLICE_X12Y124        RAMD32 (Setup_ramd32_CLK_WADR3)
                                                     -0.063     7.894    registers/regs_reg_r2_0_31_18_23/RAMA_D1
  -------------------------------------------------------------------
                         required time                          7.894    
                         arrival time                          -7.589    
  -------------------------------------------------------------------
                         slack                                  0.305    

Slack (MET) :             0.305ns  (required time - arrival time)
  Source:                 MaWb_reg/MaWb_addrd_reg[3]/C
                            (rising edge-triggered cell FDCE clocked by clk  {rise@0.000ns fall@3.750ns period=7.500ns})
  Destination:            registers/regs_reg_r2_0_31_18_23/RAMB/WADR3
                            (falling edge-triggered cell RAMD32 clocked by clk  {rise@0.000ns fall@3.750ns period=7.500ns})
  Path Group:             clk
  Path Type:              Setup (Max at Slow Process Corner)
  Requirement:            3.750ns  (clk fall@3.750ns - clk rise@0.000ns)
  Data Path Delay:        3.227ns  (logic 0.433ns (13.419%)  route 2.794ns (86.581%))
  Logic Levels:           0  
  Clock Path Skew:        -0.120ns (DCD - SCD + CPR)
    Destination Clock Delay (DCD):    3.949ns = ( 7.699 - 3.750 ) 
    Source Clock Delay      (SCD):    4.362ns
    Clock Pessimism Removal (CPR):    0.294ns
  Clock Uncertainty:      0.035ns  ((TSJ^2 + TIJ^2)^1/2 + DJ) / 2 + PE
    Total System Jitter     (TSJ):    0.071ns
    Total Input Jitter      (TIJ):    0.000ns
    Discrete Jitter          (DJ):    0.000ns
    Phase Error              (PE):    0.000ns

    Location             Delay type                Incr(ns)  Path(ns)    Netlist Resource(s)
  -------------------------------------------------------------------    -------------------
                         (clock clk rise edge)        0.000     0.000 r  
    L22                                               0.000     0.000 r  clk (IN)
                         net (fo=0)                   0.000     0.000    clk
    L22                  IBUF (Prop_ibuf_I_O)         0.893     0.893 r  clk_IBUF_inst/O
                         net (fo=1, routed)           1.827     2.720    clk_IBUF
    BUFGCTRL_X0Y0        BUFG (Prop_bufg_I_O)         0.081     2.801 r  clk_IBUF_BUFG_inst/O
                         net (fo=2508, routed)        1.562     4.362    MaWb_reg/clk_IBUF_BUFG
    SLICE_X2Y114         FDCE                                         r  MaWb_reg/MaWb_addrd_reg[3]/C
  -------------------------------------------------------------------    -------------------
    SLICE_X2Y114         FDCE (Prop_fdce_C_Q)         0.433     4.795 r  MaWb_reg/MaWb_addrd_reg[3]/Q
                         net (fo=96, routed)          2.794     7.589    registers/regs_reg_r2_0_31_18_23/ADDRD3
    SLICE_X12Y124        RAMD32                                       r  registers/regs_reg_r2_0_31_18_23/RAMB/WADR3
  -------------------------------------------------------------------    -------------------

                         (clock clk fall edge)        3.750     3.750 f  
    L22                                               0.000     3.750 f  clk (IN)
                         net (fo=0)                   0.000     3.750    clk
    L22                  IBUF (Prop_ibuf_I_O)         0.762     4.512 f  clk_IBUF_inst/O
                         net (fo=1, routed)           1.734     6.246    clk_IBUF
    BUFGCTRL_X0Y0        BUFG (Prop_bufg_I_O)         0.077     6.323 f  clk_IBUF_BUFG_inst/O
                         net (fo=2508, routed)        1.376     7.699    registers/regs_reg_r2_0_31_18_23/WCLK
    SLICE_X12Y124        RAMD32                                       r  registers/regs_reg_r2_0_31_18_23/RAMB/CLK  (IS_INVERTED)
                         clock pessimism              0.294     7.992    
                         clock uncertainty           -0.035     7.957    
    SLICE_X12Y124        RAMD32 (Setup_ramd32_CLK_WADR3)
                                                     -0.063     7.894    registers/regs_reg_r2_0_31_18_23/RAMB
  -------------------------------------------------------------------
                         required time                          7.894    
                         arrival time                          -7.589    
  -------------------------------------------------------------------
                         slack                                  0.305    

Slack (MET) :             0.305ns  (required time - arrival time)
  Source:                 MaWb_reg/MaWb_addrd_reg[3]/C
                            (rising edge-triggered cell FDCE clocked by clk  {rise@0.000ns fall@3.750ns period=7.500ns})
  Destination:            registers/regs_reg_r2_0_31_18_23/RAMB_D1/WADR3
                            (falling edge-triggered cell RAMD32 clocked by clk  {rise@0.000ns fall@3.750ns period=7.500ns})
  Path Group:             clk
  Path Type:              Setup (Max at Slow Process Corner)
  Requirement:            3.750ns  (clk fall@3.750ns - clk rise@0.000ns)
  Data Path Delay:        3.227ns  (logic 0.433ns (13.419%)  route 2.794ns (86.581%))
  Logic Levels:           0  
  Clock Path Skew:        -0.120ns (DCD - SCD + CPR)
    Destination Clock Delay (DCD):    3.949ns = ( 7.699 - 3.750 ) 
    Source Clock Delay      (SCD):    4.362ns
    Clock Pessimism Removal (CPR):    0.294ns
  Clock Uncertainty:      0.035ns  ((TSJ^2 + TIJ^2)^1/2 + DJ) / 2 + PE
    Total System Jitter     (TSJ):    0.071ns
    Total Input Jitter      (TIJ):    0.000ns
    Discrete Jitter          (DJ):    0.000ns
    Phase Error              (PE):    0.000ns

    Location             Delay type                Incr(ns)  Path(ns)    Netlist Resource(s)
  -------------------------------------------------------------------    -------------------
                         (clock clk rise edge)        0.000     0.000 r  
    L22                                               0.000     0.000 r  clk (IN)
                         net (fo=0)                   0.000     0.000    clk
    L22                  IBUF (Prop_ibuf_I_O)         0.893     0.893 r  clk_IBUF_inst/O
                         net (fo=1, routed)           1.827     2.720    clk_IBUF
    BUFGCTRL_X0Y0        BUFG (Prop_bufg_I_O)         0.081     2.801 r  clk_IBUF_BUFG_inst/O
                         net (fo=2508, routed)        1.562     4.362    MaWb_reg/clk_IBUF_BUFG
    SLICE_X2Y114         FDCE                                         r  MaWb_reg/MaWb_addrd_reg[3]/C
  -------------------------------------------------------------------    -------------------
    SLICE_X2Y114         FDCE (Prop_fdce_C_Q)         0.433     4.795 r  MaWb_reg/MaWb_addrd_reg[3]/Q
                         net (fo=96, routed)          2.794     7.589    registers/regs_reg_r2_0_31_18_23/ADDRD3
    SLICE_X12Y124        RAMD32                                       r  registers/regs_reg_r2_0_31_18_23/RAMB_D1/WADR3
  -------------------------------------------------------------------    -------------------

                         (clock clk fall edge)        3.750     3.750 f  
    L22                                               0.000     3.750 f  clk (IN)
                         net (fo=0)                   0.000     3.750    clk
    L22                  IBUF (Prop_ibuf_I_O)         0.762     4.512 f  clk_IBUF_inst/O
                         net (fo=1, routed)           1.734     6.246    clk_IBUF
    BUFGCTRL_X0Y0        BUFG (Prop_bufg_I_O)         0.077     6.323 f  clk_IBUF_BUFG_inst/O
                         net (fo=2508, routed)        1.376     7.699    registers/regs_reg_r2_0_31_18_23/WCLK
    SLICE_X12Y124        RAMD32                                       r  registers/regs_reg_r2_0_31_18_23/RAMB_D1/CLK  (IS_INVERTED)
                         clock pessimism              0.294     7.992    
                         clock uncertainty           -0.035     7.957    
    SLICE_X12Y124        RAMD32 (Setup_ramd32_CLK_WADR3)
                                                     -0.063     7.894    registers/regs_reg_r2_0_31_18_23/RAMB_D1
  -------------------------------------------------------------------
                         required time                          7.894    
                         arrival time                          -7.589    
  -------------------------------------------------------------------
                         slack                                  0.305    

Slack (MET) :             0.305ns  (required time - arrival time)
  Source:                 MaWb_reg/MaWb_addrd_reg[3]/C
                            (rising edge-triggered cell FDCE clocked by clk  {rise@0.000ns fall@3.750ns period=7.500ns})
  Destination:            registers/regs_reg_r2_0_31_18_23/RAMC/WADR3
                            (falling edge-triggered cell RAMD32 clocked by clk  {rise@0.000ns fall@3.750ns period=7.500ns})
  Path Group:             clk
  Path Type:              Setup (Max at Slow Process Corner)
  Requirement:            3.750ns  (clk fall@3.750ns - clk rise@0.000ns)
  Data Path Delay:        3.227ns  (logic 0.433ns (13.419%)  route 2.794ns (86.581%))
  Logic Levels:           0  
  Clock Path Skew:        -0.120ns (DCD - SCD + CPR)
    Destination Clock Delay (DCD):    3.949ns = ( 7.699 - 3.750 ) 
    Source Clock Delay      (SCD):    4.362ns
    Clock Pessimism Removal (CPR):    0.294ns
  Clock Uncertainty:      0.035ns  ((TSJ^2 + TIJ^2)^1/2 + DJ) / 2 + PE
    Total System Jitter     (TSJ):    0.071ns
    Total Input Jitter      (TIJ):    0.000ns
    Discrete Jitter          (DJ):    0.000ns
    Phase Error              (PE):    0.000ns

    Location             Delay type                Incr(ns)  Path(ns)    Netlist Resource(s)
  -------------------------------------------------------------------    -------------------
                         (clock clk rise edge)        0.000     0.000 r  
    L22                                               0.000     0.000 r  clk (IN)
                         net (fo=0)                   0.000     0.000    clk
    L22                  IBUF (Prop_ibuf_I_O)         0.893     0.893 r  clk_IBUF_inst/O
                         net (fo=1, routed)           1.827     2.720    clk_IBUF
    BUFGCTRL_X0Y0        BUFG (Prop_bufg_I_O)         0.081     2.801 r  clk_IBUF_BUFG_inst/O
                         net (fo=2508, routed)        1.562     4.362    MaWb_reg/clk_IBUF_BUFG
    SLICE_X2Y114         FDCE                                         r  MaWb_reg/MaWb_addrd_reg[3]/C
  -------------------------------------------------------------------    -------------------
    SLICE_X2Y114         FDCE (Prop_fdce_C_Q)         0.433     4.795 r  MaWb_reg/MaWb_addrd_reg[3]/Q
                         net (fo=96, routed)          2.794     7.589    registers/regs_reg_r2_0_31_18_23/ADDRD3
    SLICE_X12Y124        RAMD32                                       r  registers/regs_reg_r2_0_31_18_23/RAMC/WADR3
  -------------------------------------------------------------------    -------------------

                         (clock clk fall edge)        3.750     3.750 f  
    L22                                               0.000     3.750 f  clk (IN)
                         net (fo=0)                   0.000     3.750    clk
    L22                  IBUF (Prop_ibuf_I_O)         0.762     4.512 f  clk_IBUF_inst/O
                         net (fo=1, routed)           1.734     6.246    clk_IBUF
    BUFGCTRL_X0Y0        BUFG (Prop_bufg_I_O)         0.077     6.323 f  clk_IBUF_BUFG_inst/O
                         net (fo=2508, routed)        1.376     7.699    registers/regs_reg_r2_0_31_18_23/WCLK
    SLICE_X12Y124        RAMD32                                       r  registers/regs_reg_r2_0_31_18_23/RAMC/CLK  (IS_INVERTED)
                         clock pessimism              0.294     7.992    
                         clock uncertainty           -0.035     7.957    
    SLICE_X12Y124        RAMD32 (Setup_ramd32_CLK_WADR3)
                                                     -0.063     7.894    registers/regs_reg_r2_0_31_18_23/RAMC
  -------------------------------------------------------------------
                         required time                          7.894    
                         arrival time                          -7.589    
  -------------------------------------------------------------------
                         slack                                  0.305    

Slack (MET) :             0.305ns  (required time - arrival time)
  Source:                 MaWb_reg/MaWb_addrd_reg[3]/C
                            (rising edge-triggered cell FDCE clocked by clk  {rise@0.000ns fall@3.750ns period=7.500ns})
  Destination:            registers/regs_reg_r2_0_31_18_23/RAMC_D1/WADR3
                            (falling edge-triggered cell RAMD32 clocked by clk  {rise@0.000ns fall@3.750ns period=7.500ns})
  Path Group:             clk
  Path Type:              Setup (Max at Slow Process Corner)
  Requirement:            3.750ns  (clk fall@3.750ns - clk rise@0.000ns)
  Data Path Delay:        3.227ns  (logic 0.433ns (13.419%)  route 2.794ns (86.581%))
  Logic Levels:           0  
  Clock Path Skew:        -0.120ns (DCD - SCD + CPR)
    Destination Clock Delay (DCD):    3.949ns = ( 7.699 - 3.750 ) 
    Source Clock Delay      (SCD):    4.362ns
    Clock Pessimism Removal (CPR):    0.294ns
  Clock Uncertainty:      0.035ns  ((TSJ^2 + TIJ^2)^1/2 + DJ) / 2 + PE
    Total System Jitter     (TSJ):    0.071ns
    Total Input Jitter      (TIJ):    0.000ns
    Discrete Jitter          (DJ):    0.000ns
    Phase Error              (PE):    0.000ns

    Location             Delay type                Incr(ns)  Path(ns)    Netlist Resource(s)
  -------------------------------------------------------------------    -------------------
                         (clock clk rise edge)        0.000     0.000 r  
    L22                                               0.000     0.000 r  clk (IN)
                         net (fo=0)                   0.000     0.000    clk
    L22                  IBUF (Prop_ibuf_I_O)         0.893     0.893 r  clk_IBUF_inst/O
                         net (fo=1, routed)           1.827     2.720    clk_IBUF
    BUFGCTRL_X0Y0        BUFG (Prop_bufg_I_O)         0.081     2.801 r  clk_IBUF_BUFG_inst/O
                         net (fo=2508, routed)        1.562     4.362    MaWb_reg/clk_IBUF_BUFG
    SLICE_X2Y114         FDCE                                         r  MaWb_reg/MaWb_addrd_reg[3]/C
  -------------------------------------------------------------------    -------------------
    SLICE_X2Y114         FDCE (Prop_fdce_C_Q)         0.433     4.795 r  MaWb_reg/MaWb_addrd_reg[3]/Q
                         net (fo=96, routed)          2.794     7.589    registers/regs_reg_r2_0_31_18_23/ADDRD3
    SLICE_X12Y124        RAMD32                                       r  registers/regs_reg_r2_0_31_18_23/RAMC_D1/WADR3
  -------------------------------------------------------------------    -------------------

                         (clock clk fall edge)        3.750     3.750 f  
    L22                                               0.000     3.750 f  clk (IN)
                         net (fo=0)                   0.000     3.750    clk
    L22                  IBUF (Prop_ibuf_I_O)         0.762     4.512 f  clk_IBUF_inst/O
                         net (fo=1, routed)           1.734     6.246    clk_IBUF
    BUFGCTRL_X0Y0        BUFG (Prop_bufg_I_O)         0.077     6.323 f  clk_IBUF_BUFG_inst/O
                         net (fo=2508, routed)        1.376     7.699    registers/regs_reg_r2_0_31_18_23/WCLK
    SLICE_X12Y124        RAMD32                                       r  registers/regs_reg_r2_0_31_18_23/RAMC_D1/CLK  (IS_INVERTED)
                         clock pessimism              0.294     7.992    
                         clock uncertainty           -0.035     7.957    
    SLICE_X12Y124        RAMD32 (Setup_ramd32_CLK_WADR3)
                                                     -0.063     7.894    registers/regs_reg_r2_0_31_18_23/RAMC_D1
  -------------------------------------------------------------------
                         required time                          7.894    
                         arrival time                          -7.589    
  -------------------------------------------------------------------
                         slack                                  0.305    





Min Delay Paths
--------------------------------------------------------------------------------------
Slack (MET) :             0.084ns  (arrival time - required time)
  Source:                 data_memory/data_cache/rep_data_reg[16]/C
                            (rising edge-triggered cell FDRE clocked by clk  {rise@0.000ns fall@3.750ns period=7.500ns})
  Destination:            data_memory/data_mem/dmem_reg_192_255_15_17/RAMB/I
                            (rising edge-triggered cell RAMD64E clocked by clk  {rise@0.000ns fall@3.750ns period=7.500ns})
  Path Group:             clk
  Path Type:              Hold (Min at Fast Process Corner)
  Requirement:            0.000ns  (clk rise@0.000ns - clk rise@0.000ns)
  Data Path Delay:        0.268ns  (logic 0.141ns (52.589%)  route 0.127ns (47.411%))
  Logic Levels:           0  
  Clock Path Skew:        0.038ns (DCD - SCD - CPR)
    Destination Clock Delay (DCD):    2.050ns
    Source Clock Delay      (SCD):    1.526ns
    Clock Pessimism Removal (CPR):    0.485ns

    Location             Delay type                Incr(ns)  Path(ns)    Netlist Resource(s)
  -------------------------------------------------------------------    -------------------
                         (clock clk rise edge)        0.000     0.000 r  
    L22                                               0.000     0.000 r  clk (IN)
                         net (fo=0)                   0.000     0.000    clk
    L22                  IBUF (Prop_ibuf_I_O)         0.190     0.190 r  clk_IBUF_inst/O
                         net (fo=1, routed)           0.690     0.880    clk_IBUF
    BUFGCTRL_X0Y0        BUFG (Prop_bufg_I_O)         0.026     0.906 r  clk_IBUF_BUFG_inst/O
                         net (fo=2508, routed)        0.621     1.526    data_memory/data_cache/clk_IBUF_BUFG
    SLICE_X17Y115        FDRE                                         r  data_memory/data_cache/rep_data_reg[16]/C
  -------------------------------------------------------------------    -------------------
    SLICE_X17Y115        FDRE (Prop_fdre_C_Q)         0.141     1.667 r  data_memory/data_cache/rep_data_reg[16]/Q
                         net (fo=4, routed)           0.127     1.794    data_memory/data_mem/dmem_reg_192_255_15_17/DIB
    SLICE_X14Y115        RAMD64E                                      r  data_memory/data_mem/dmem_reg_192_255_15_17/RAMB/I
  -------------------------------------------------------------------    -------------------

                         (clock clk rise edge)        0.000     0.000 r  
    L22                                               0.000     0.000 r  clk (IN)
                         net (fo=0)                   0.000     0.000    clk
    L22                  IBUF (Prop_ibuf_I_O)         0.378     0.378 r  clk_IBUF_inst/O
                         net (fo=1, routed)           0.750     1.128    clk_IBUF
    BUFGCTRL_X0Y0        BUFG (Prop_bufg_I_O)         0.029     1.157 r  clk_IBUF_BUFG_inst/O
                         net (fo=2508, routed)        0.893     2.050    data_memory/data_mem/dmem_reg_192_255_15_17/WCLK
    SLICE_X14Y115        RAMD64E                                      r  data_memory/data_mem/dmem_reg_192_255_15_17/RAMB/CLK
                         clock pessimism             -0.485     1.564    
    SLICE_X14Y115        RAMD64E (Hold_ramd64e_CLK_I)
                                                      0.146     1.710    data_memory/data_mem/dmem_reg_192_255_15_17/RAMB
  -------------------------------------------------------------------
                         required time                         -1.710    
                         arrival time                           1.794    
  -------------------------------------------------------------------
                         slack                                  0.084    

Slack (MET) :             0.087ns  (arrival time - required time)
  Source:                 data_memory/data_cache/rep_data_reg[4]/C
                            (rising edge-triggered cell FDRE clocked by clk  {rise@0.000ns fall@3.750ns period=7.500ns})
  Destination:            data_memory/data_mem/dmem_reg_0_63_3_5/RAMB/I
                            (rising edge-triggered cell RAMD64E clocked by clk  {rise@0.000ns fall@3.750ns period=7.500ns})
  Path Group:             clk
  Path Type:              Hold (Min at Fast Process Corner)
  Requirement:            0.000ns  (clk rise@0.000ns - clk rise@0.000ns)
  Data Path Delay:        0.248ns  (logic 0.141ns (56.880%)  route 0.107ns (43.120%))
  Logic Levels:           0  
  Clock Path Skew:        0.015ns (DCD - SCD - CPR)
    Destination Clock Delay (DCD):    2.050ns
    Source Clock Delay      (SCD):    1.527ns
    Clock Pessimism Removal (CPR):    0.507ns

    Location             Delay type                Incr(ns)  Path(ns)    Netlist Resource(s)
  -------------------------------------------------------------------    -------------------
                         (clock clk rise edge)        0.000     0.000 r  
    L22                                               0.000     0.000 r  clk (IN)
                         net (fo=0)                   0.000     0.000    clk
    L22                  IBUF (Prop_ibuf_I_O)         0.190     0.190 r  clk_IBUF_inst/O
                         net (fo=1, routed)           0.690     0.880    clk_IBUF
    BUFGCTRL_X0Y0        BUFG (Prop_bufg_I_O)         0.026     0.906 r  clk_IBUF_BUFG_inst/O
                         net (fo=2508, routed)        0.622     1.527    data_memory/data_cache/clk_IBUF_BUFG
    SLICE_X15Y116        FDRE                                         r  data_memory/data_cache/rep_data_reg[4]/C
  -------------------------------------------------------------------    -------------------
    SLICE_X15Y116        FDRE (Prop_fdre_C_Q)         0.141     1.668 r  data_memory/data_cache/rep_data_reg[4]/Q
                         net (fo=4, routed)           0.107     1.775    data_memory/data_mem/dmem_reg_0_63_3_5/DIB
    SLICE_X12Y115        RAMD64E                                      r  data_memory/data_mem/dmem_reg_0_63_3_5/RAMB/I
  -------------------------------------------------------------------    -------------------

                         (clock clk rise edge)        0.000     0.000 r  
    L22                                               0.000     0.000 r  clk (IN)
                         net (fo=0)                   0.000     0.000    clk
    L22                  IBUF (Prop_ibuf_I_O)         0.378     0.378 r  clk_IBUF_inst/O
                         net (fo=1, routed)           0.750     1.128    clk_IBUF
    BUFGCTRL_X0Y0        BUFG (Prop_bufg_I_O)         0.029     1.157 r  clk_IBUF_BUFG_inst/O
                         net (fo=2508, routed)        0.893     2.050    data_memory/data_mem/dmem_reg_0_63_3_5/WCLK
    SLICE_X12Y115        RAMD64E                                      r  data_memory/data_mem/dmem_reg_0_63_3_5/RAMB/CLK
                         clock pessimism             -0.507     1.542    
    SLICE_X12Y115        RAMD64E (Hold_ramd64e_CLK_I)
                                                      0.146     1.688    data_memory/data_mem/dmem_reg_0_63_3_5/RAMB
  -------------------------------------------------------------------
                         required time                         -1.688    
                         arrival time                           1.775    
  -------------------------------------------------------------------
                         slack                                  0.087    

Slack (MET) :             0.090ns  (arrival time - required time)
  Source:                 data_memory/data_cache/rep_data_reg[10]/C
                            (rising edge-triggered cell FDRE clocked by clk  {rise@0.000ns fall@3.750ns period=7.500ns})
  Destination:            data_memory/data_mem/dmem_reg_128_191_9_11/RAMB/I
                            (rising edge-triggered cell RAMD64E clocked by clk  {rise@0.000ns fall@3.750ns period=7.500ns})
  Path Group:             clk
  Path Type:              Hold (Min at Fast Process Corner)
  Requirement:            0.000ns  (clk rise@0.000ns - clk rise@0.000ns)
  Data Path Delay:        0.250ns  (logic 0.141ns (56.329%)  route 0.109ns (43.671%))
  Logic Levels:           0  
  Clock Path Skew:        0.014ns (DCD - SCD - CPR)
    Destination Clock Delay (DCD):    2.050ns
    Source Clock Delay      (SCD):    1.527ns
    Clock Pessimism Removal (CPR):    0.508ns

    Location             Delay type                Incr(ns)  Path(ns)    Netlist Resource(s)
  -------------------------------------------------------------------    -------------------
                         (clock clk rise edge)        0.000     0.000 r  
    L22                                               0.000     0.000 r  clk (IN)
                         net (fo=0)                   0.000     0.000    clk
    L22                  IBUF (Prop_ibuf_I_O)         0.190     0.190 r  clk_IBUF_inst/O
                         net (fo=1, routed)           0.690     0.880    clk_IBUF
    BUFGCTRL_X0Y0        BUFG (Prop_bufg_I_O)         0.026     0.906 r  clk_IBUF_BUFG_inst/O
                         net (fo=2508, routed)        0.622     1.527    data_memory/data_cache/clk_IBUF_BUFG
    SLICE_X17Y112        FDRE                                         r  data_memory/data_cache/rep_data_reg[10]/C
  -------------------------------------------------------------------    -------------------
    SLICE_X17Y112        FDRE (Prop_fdre_C_Q)         0.141     1.668 r  data_memory/data_cache/rep_data_reg[10]/Q
                         net (fo=4, routed)           0.109     1.778    data_memory/data_mem/dmem_reg_128_191_9_11/DIB
    SLICE_X18Y113        RAMD64E                                      r  data_memory/data_mem/dmem_reg_128_191_9_11/RAMB/I
  -------------------------------------------------------------------    -------------------

                         (clock clk rise edge)        0.000     0.000 r  
    L22                                               0.000     0.000 r  clk (IN)
                         net (fo=0)                   0.000     0.000    clk
    L22                  IBUF (Prop_ibuf_I_O)         0.378     0.378 r  clk_IBUF_inst/O
                         net (fo=1, routed)           0.750     1.128    clk_IBUF
    BUFGCTRL_X0Y0        BUFG (Prop_bufg_I_O)         0.029     1.157 r  clk_IBUF_BUFG_inst/O
                         net (fo=2508, routed)        0.893     2.050    data_memory/data_mem/dmem_reg_128_191_9_11/WCLK
    SLICE_X18Y113        RAMD64E                                      r  data_memory/data_mem/dmem_reg_128_191_9_11/RAMB/CLK
                         clock pessimism             -0.508     1.541    
    SLICE_X18Y113        RAMD64E (Hold_ramd64e_CLK_I)
                                                      0.146     1.687    data_memory/data_mem/dmem_reg_128_191_9_11/RAMB
  -------------------------------------------------------------------
                         required time                         -1.687    
                         arrival time                           1.778    
  -------------------------------------------------------------------
                         slack                                  0.090    

Slack (MET) :             0.096ns  (arrival time - required time)
  Source:                 data_memory/data_cache/rep_data_reg[15]/C
                            (rising edge-triggered cell FDRE clocked by clk  {rise@0.000ns fall@3.750ns period=7.500ns})
  Destination:            data_memory/data_mem/dmem_reg_128_191_15_17/RAMA/I
                            (rising edge-triggered cell RAMD64E clocked by clk  {rise@0.000ns fall@3.750ns period=7.500ns})
  Path Group:             clk
  Path Type:              Hold (Min at Fast Process Corner)
  Requirement:            0.000ns  (clk rise@0.000ns - clk rise@0.000ns)
  Data Path Delay:        0.258ns  (logic 0.141ns (54.590%)  route 0.117ns (45.410%))
  Logic Levels:           0  
  Clock Path Skew:        0.015ns (DCD - SCD - CPR)
    Destination Clock Delay (DCD):    2.048ns
    Source Clock Delay      (SCD):    1.524ns
    Clock Pessimism Removal (CPR):    0.508ns

    Location             Delay type                Incr(ns)  Path(ns)    Netlist Resource(s)
  -------------------------------------------------------------------    -------------------
                         (clock clk rise edge)        0.000     0.000 r  
    L22                                               0.000     0.000 r  clk (IN)
                         net (fo=0)                   0.000     0.000    clk
    L22                  IBUF (Prop_ibuf_I_O)         0.190     0.190 r  clk_IBUF_inst/O
                         net (fo=1, routed)           0.690     0.880    clk_IBUF
    BUFGCTRL_X0Y0        BUFG (Prop_bufg_I_O)         0.026     0.906 r  clk_IBUF_BUFG_inst/O
                         net (fo=2508, routed)        0.619     1.524    data_memory/data_cache/clk_IBUF_BUFG
    SLICE_X19Y117        FDRE                                         r  data_memory/data_cache/rep_data_reg[15]/C
  -------------------------------------------------------------------    -------------------
    SLICE_X19Y117        FDRE (Prop_fdre_C_Q)         0.141     1.665 r  data_memory/data_cache/rep_data_reg[15]/Q
                         net (fo=4, routed)           0.117     1.783    data_memory/data_mem/dmem_reg_128_191_15_17/DIA
    SLICE_X18Y116        RAMD64E                                      r  data_memory/data_mem/dmem_reg_128_191_15_17/RAMA/I
  -------------------------------------------------------------------    -------------------

                         (clock clk rise edge)        0.000     0.000 r  
    L22                                               0.000     0.000 r  clk (IN)
                         net (fo=0)                   0.000     0.000    clk
    L22                  IBUF (Prop_ibuf_I_O)         0.378     0.378 r  clk_IBUF_inst/O
                         net (fo=1, routed)           0.750     1.128    clk_IBUF
    BUFGCTRL_X0Y0        BUFG (Prop_bufg_I_O)         0.029     1.157 r  clk_IBUF_BUFG_inst/O
                         net (fo=2508, routed)        0.891     2.048    data_memory/data_mem/dmem_reg_128_191_15_17/WCLK
    SLICE_X18Y116        RAMD64E                                      r  data_memory/data_mem/dmem_reg_128_191_15_17/RAMA/CLK
                         clock pessimism             -0.508     1.539    
    SLICE_X18Y116        RAMD64E (Hold_ramd64e_CLK_I)
                                                      0.147     1.686    data_memory/data_mem/dmem_reg_128_191_15_17/RAMA
  -------------------------------------------------------------------
                         required time                         -1.686    
                         arrival time                           1.783    
  -------------------------------------------------------------------
                         slack                                  0.096    

Slack (MET) :             0.100ns  (arrival time - required time)
  Source:                 data_memory/data_cache/rep_data_reg[14]/C
                            (rising edge-triggered cell FDRE clocked by clk  {rise@0.000ns fall@3.750ns period=7.500ns})
  Destination:            data_memory/data_mem/dmem_reg_64_127_12_14/RAMC/I
                            (rising edge-triggered cell RAMD64E clocked by clk  {rise@0.000ns fall@3.750ns period=7.500ns})
  Path Group:             clk
  Path Type:              Hold (Min at Fast Process Corner)
  Requirement:            0.000ns  (clk rise@0.000ns - clk rise@0.000ns)
  Data Path Delay:        0.261ns  (logic 0.141ns (53.963%)  route 0.120ns (46.037%))
  Logic Levels:           0  
  Clock Path Skew:        0.017ns (DCD - SCD - CPR)
    Destination Clock Delay (DCD):    2.053ns
    Source Clock Delay      (SCD):    1.527ns
    Clock Pessimism Removal (CPR):    0.508ns

    Location             Delay type                Incr(ns)  Path(ns)    Netlist Resource(s)
  -------------------------------------------------------------------    -------------------
                         (clock clk rise edge)        0.000     0.000 r  
    L22                                               0.000     0.000 r  clk (IN)
                         net (fo=0)                   0.000     0.000    clk
    L22                  IBUF (Prop_ibuf_I_O)         0.190     0.190 r  clk_IBUF_inst/O
                         net (fo=1, routed)           0.690     0.880    clk_IBUF
    BUFGCTRL_X0Y0        BUFG (Prop_bufg_I_O)         0.026     0.906 r  clk_IBUF_BUFG_inst/O
                         net (fo=2508, routed)        0.622     1.527    data_memory/data_cache/clk_IBUF_BUFG
    SLICE_X19Y112        FDRE                                         r  data_memory/data_cache/rep_data_reg[14]/C
  -------------------------------------------------------------------    -------------------
    SLICE_X19Y112        FDRE (Prop_fdre_C_Q)         0.141     1.668 r  data_memory/data_cache/rep_data_reg[14]/Q
                         net (fo=4, routed)           0.120     1.789    data_memory/data_mem/dmem_reg_64_127_12_14/DIC
    SLICE_X18Y111        RAMD64E                                      r  data_memory/data_mem/dmem_reg_64_127_12_14/RAMC/I
  -------------------------------------------------------------------    -------------------

                         (clock clk rise edge)        0.000     0.000 r  
    L22                                               0.000     0.000 r  clk (IN)
                         net (fo=0)                   0.000     0.000    clk
    L22                  IBUF (Prop_ibuf_I_O)         0.378     0.378 r  clk_IBUF_inst/O
                         net (fo=1, routed)           0.750     1.128    clk_IBUF
    BUFGCTRL_X0Y0        BUFG (Prop_bufg_I_O)         0.029     1.157 r  clk_IBUF_BUFG_inst/O
                         net (fo=2508, routed)        0.896     2.053    data_memory/data_mem/dmem_reg_64_127_12_14/WCLK
    SLICE_X18Y111        RAMD64E                                      r  data_memory/data_mem/dmem_reg_64_127_12_14/RAMC/CLK
                         clock pessimism             -0.508     1.544    
    SLICE_X18Y111        RAMD64E (Hold_ramd64e_CLK_I)
                                                      0.144     1.688    data_memory/data_mem/dmem_reg_64_127_12_14/RAMC
  -------------------------------------------------------------------
                         required time                         -1.688    
                         arrival time                           1.789    
  -------------------------------------------------------------------
                         slack                                  0.100    

Slack (MET) :             0.100ns  (arrival time - required time)
  Source:                 data_memory/data_cache/rep_data_reg[16]/C
                            (rising edge-triggered cell FDRE clocked by clk  {rise@0.000ns fall@3.750ns period=7.500ns})
  Destination:            data_memory/data_mem/dmem_reg_128_191_15_17/RAMB/I
                            (rising edge-triggered cell RAMD64E clocked by clk  {rise@0.000ns fall@3.750ns period=7.500ns})
  Path Group:             clk
  Path Type:              Hold (Min at Fast Process Corner)
  Requirement:            0.000ns  (clk rise@0.000ns - clk rise@0.000ns)
  Data Path Delay:        0.259ns  (logic 0.141ns (54.355%)  route 0.118ns (45.645%))
  Logic Levels:           0  
  Clock Path Skew:        0.013ns (DCD - SCD - CPR)
    Destination Clock Delay (DCD):    2.048ns
    Source Clock Delay      (SCD):    1.526ns
    Clock Pessimism Removal (CPR):    0.508ns

    Location             Delay type                Incr(ns)  Path(ns)    Netlist Resource(s)
  -------------------------------------------------------------------    -------------------
                         (clock clk rise edge)        0.000     0.000 r  
    L22                                               0.000     0.000 r  clk (IN)
                         net (fo=0)                   0.000     0.000    clk
    L22                  IBUF (Prop_ibuf_I_O)         0.190     0.190 r  clk_IBUF_inst/O
                         net (fo=1, routed)           0.690     0.880    clk_IBUF
    BUFGCTRL_X0Y0        BUFG (Prop_bufg_I_O)         0.026     0.906 r  clk_IBUF_BUFG_inst/O
                         net (fo=2508, routed)        0.621     1.526    data_memory/data_cache/clk_IBUF_BUFG
    SLICE_X17Y115        FDRE                                         r  data_memory/data_cache/rep_data_reg[16]/C
  -------------------------------------------------------------------    -------------------
    SLICE_X17Y115        FDRE (Prop_fdre_C_Q)         0.141     1.667 r  data_memory/data_cache/rep_data_reg[16]/Q
                         net (fo=4, routed)           0.118     1.786    data_memory/data_mem/dmem_reg_128_191_15_17/DIB
    SLICE_X18Y116        RAMD64E                                      r  data_memory/data_mem/dmem_reg_128_191_15_17/RAMB/I
  -------------------------------------------------------------------    -------------------

                         (clock clk rise edge)        0.000     0.000 r  
    L22                                               0.000     0.000 r  clk (IN)
                         net (fo=0)                   0.000     0.000    clk
    L22                  IBUF (Prop_ibuf_I_O)         0.378     0.378 r  clk_IBUF_inst/O
                         net (fo=1, routed)           0.750     1.128    clk_IBUF
    BUFGCTRL_X0Y0        BUFG (Prop_bufg_I_O)         0.029     1.157 r  clk_IBUF_BUFG_inst/O
                         net (fo=2508, routed)        0.891     2.048    data_memory/data_mem/dmem_reg_128_191_15_17/WCLK
    SLICE_X18Y116        RAMD64E                                      r  data_memory/data_mem/dmem_reg_128_191_15_17/RAMB/CLK
                         clock pessimism             -0.508     1.539    
    SLICE_X18Y116        RAMD64E (Hold_ramd64e_CLK_I)
                                                      0.146     1.685    data_memory/data_mem/dmem_reg_128_191_15_17/RAMB
  -------------------------------------------------------------------
                         required time                         -1.685    
                         arrival time                           1.786    
  -------------------------------------------------------------------
                         slack                                  0.100    

Slack (MET) :             0.103ns  (arrival time - required time)
  Source:                 data_memory/data_cache/rep_data_reg[5]/C
                            (rising edge-triggered cell FDRE clocked by clk  {rise@0.000ns fall@3.750ns period=7.500ns})
  Destination:            data_memory/data_mem/dmem_reg_64_127_3_5/RAMC/I
                            (rising edge-triggered cell RAMD64E clocked by clk  {rise@0.000ns fall@3.750ns period=7.500ns})
  Path Group:             clk
  Path Type:              Hold (Min at Fast Process Corner)
  Requirement:            0.000ns  (clk rise@0.000ns - clk rise@0.000ns)
  Data Path Delay:        0.261ns  (logic 0.141ns (54.032%)  route 0.120ns (45.968%))
  Logic Levels:           0  
  Clock Path Skew:        0.014ns (DCD - SCD - CPR)
    Destination Clock Delay (DCD):    2.049ns
    Source Clock Delay      (SCD):    1.527ns
    Clock Pessimism Removal (CPR):    0.507ns

    Location             Delay type                Incr(ns)  Path(ns)    Netlist Resource(s)
  -------------------------------------------------------------------    -------------------
                         (clock clk rise edge)        0.000     0.000 r  
    L22                                               0.000     0.000 r  clk (IN)
                         net (fo=0)                   0.000     0.000    clk
    L22                  IBUF (Prop_ibuf_I_O)         0.190     0.190 r  clk_IBUF_inst/O
                         net (fo=1, routed)           0.690     0.880    clk_IBUF
    BUFGCTRL_X0Y0        BUFG (Prop_bufg_I_O)         0.026     0.906 r  clk_IBUF_BUFG_inst/O
                         net (fo=2508, routed)        0.622     1.527    data_memory/data_cache/clk_IBUF_BUFG
    SLICE_X15Y116        FDRE                                         r  data_memory/data_cache/rep_data_reg[5]/C
  -------------------------------------------------------------------    -------------------
    SLICE_X15Y116        FDRE (Prop_fdre_C_Q)         0.141     1.668 r  data_memory/data_cache/rep_data_reg[5]/Q
                         net (fo=4, routed)           0.120     1.788    data_memory/data_mem/dmem_reg_64_127_3_5/DIC
    SLICE_X12Y116        RAMD64E                                      r  data_memory/data_mem/dmem_reg_64_127_3_5/RAMC/I
  -------------------------------------------------------------------    -------------------

                         (clock clk rise edge)        0.000     0.000 r  
    L22                                               0.000     0.000 r  clk (IN)
                         net (fo=0)                   0.000     0.000    clk
    L22                  IBUF (Prop_ibuf_I_O)         0.378     0.378 r  clk_IBUF_inst/O
                         net (fo=1, routed)           0.750     1.128    clk_IBUF
    BUFGCTRL_X0Y0        BUFG (Prop_bufg_I_O)         0.029     1.157 r  clk_IBUF_BUFG_inst/O
                         net (fo=2508, routed)        0.892     2.049    data_memory/data_mem/dmem_reg_64_127_3_5/WCLK
    SLICE_X12Y116        RAMD64E                                      r  data_memory/data_mem/dmem_reg_64_127_3_5/RAMC/CLK
                         clock pessimism             -0.507     1.541    
    SLICE_X12Y116        RAMD64E (Hold_ramd64e_CLK_I)
                                                      0.144     1.685    data_memory/data_mem/dmem_reg_64_127_3_5/RAMC
  -------------------------------------------------------------------
                         required time                         -1.685    
                         arrival time                           1.788    
  -------------------------------------------------------------------
                         slack                                  0.103    

Slack (MET) :             0.106ns  (arrival time - required time)
  Source:                 data_memory/data_cache/rep_data_reg[2]/C
                            (rising edge-triggered cell FDRE clocked by clk  {rise@0.000ns fall@3.750ns period=7.500ns})
  Destination:            data_memory/data_mem/dmem_reg_192_255_0_2/RAMC/I
                            (rising edge-triggered cell RAMD64E clocked by clk  {rise@0.000ns fall@3.750ns period=7.500ns})
  Path Group:             clk
  Path Type:              Hold (Min at Fast Process Corner)
  Requirement:            0.000ns  (clk rise@0.000ns - clk rise@0.000ns)
  Data Path Delay:        0.267ns  (logic 0.141ns (52.756%)  route 0.126ns (47.244%))
  Logic Levels:           0  
  Clock Path Skew:        0.017ns (DCD - SCD - CPR)
    Destination Clock Delay (DCD):    2.053ns
    Source Clock Delay      (SCD):    1.527ns
    Clock Pessimism Removal (CPR):    0.508ns

    Location             Delay type                Incr(ns)  Path(ns)    Netlist Resource(s)
  -------------------------------------------------------------------    -------------------
                         (clock clk rise edge)        0.000     0.000 r  
    L22                                               0.000     0.000 r  clk (IN)
                         net (fo=0)                   0.000     0.000    clk
    L22                  IBUF (Prop_ibuf_I_O)         0.190     0.190 r  clk_IBUF_inst/O
                         net (fo=1, routed)           0.690     0.880    clk_IBUF
    BUFGCTRL_X0Y0        BUFG (Prop_bufg_I_O)         0.026     0.906 r  clk_IBUF_BUFG_inst/O
                         net (fo=2508, routed)        0.622     1.527    data_memory/data_cache/clk_IBUF_BUFG
    SLICE_X17Y112        FDRE                                         r  data_memory/data_cache/rep_data_reg[2]/C
  -------------------------------------------------------------------    -------------------
    SLICE_X17Y112        FDRE (Prop_fdre_C_Q)         0.141     1.668 r  data_memory/data_cache/rep_data_reg[2]/Q
                         net (fo=4, routed)           0.126     1.795    data_memory/data_mem/dmem_reg_192_255_0_2/DIC
    SLICE_X16Y111        RAMD64E                                      r  data_memory/data_mem/dmem_reg_192_255_0_2/RAMC/I
  -------------------------------------------------------------------    -------------------

                         (clock clk rise edge)        0.000     0.000 r  
    L22                                               0.000     0.000 r  clk (IN)
                         net (fo=0)                   0.000     0.000    clk
    L22                  IBUF (Prop_ibuf_I_O)         0.378     0.378 r  clk_IBUF_inst/O
                         net (fo=1, routed)           0.750     1.128    clk_IBUF
    BUFGCTRL_X0Y0        BUFG (Prop_bufg_I_O)         0.029     1.157 r  clk_IBUF_BUFG_inst/O
                         net (fo=2508, routed)        0.896     2.053    data_memory/data_mem/dmem_reg_192_255_0_2/WCLK
    SLICE_X16Y111        RAMD64E                                      r  data_memory/data_mem/dmem_reg_192_255_0_2/RAMC/CLK
                         clock pessimism             -0.508     1.544    
    SLICE_X16Y111        RAMD64E (Hold_ramd64e_CLK_I)
                                                      0.144     1.688    data_memory/data_mem/dmem_reg_192_255_0_2/RAMC
  -------------------------------------------------------------------
                         required time                         -1.688    
                         arrival time                           1.795    
  -------------------------------------------------------------------
                         slack                                  0.106    

Slack (MET) :             0.109ns  (arrival time - required time)
  Source:                 program_counter/pc_reg[4]_rep/C
                            (rising edge-triggered cell FDRE clocked by clk  {rise@0.000ns fall@3.750ns period=7.500ns})
  Destination:            instruction_memory/instruction_cache/imem_cache_reg_0_15_26_26/SP/ADR2
                            (rising edge-triggered cell RAMS32 clocked by clk  {rise@0.000ns fall@3.750ns period=7.500ns})
  Path Group:             clk
  Path Type:              Hold (Min at Fast Process Corner)
  Requirement:            0.000ns  (clk rise@0.000ns - clk rise@0.000ns)
  Data Path Delay:        0.380ns  (logic 0.141ns (37.107%)  route 0.239ns (62.893%))
  Logic Levels:           0  
  Clock Path Skew:        0.017ns (DCD - SCD - CPR)
    Destination Clock Delay (DCD):    2.055ns
    Source Clock Delay      (SCD):    1.530ns
    Clock Pessimism Removal (CPR):    0.507ns

    Location             Delay type                Incr(ns)  Path(ns)    Netlist Resource(s)
  -------------------------------------------------------------------    -------------------
                         (clock clk rise edge)        0.000     0.000 r  
    L22                                               0.000     0.000 r  clk (IN)
                         net (fo=0)                   0.000     0.000    clk
    L22                  IBUF (Prop_ibuf_I_O)         0.190     0.190 r  clk_IBUF_inst/O
                         net (fo=1, routed)           0.690     0.880    clk_IBUF
    BUFGCTRL_X0Y0        BUFG (Prop_bufg_I_O)         0.026     0.906 r  clk_IBUF_BUFG_inst/O
                         net (fo=2508, routed)        0.625     1.530    program_counter/clk_IBUF_BUFG
    SLICE_X13Y110        FDRE                                         r  program_counter/pc_reg[4]_rep/C
  -------------------------------------------------------------------    -------------------
    SLICE_X13Y110        FDRE (Prop_fdre_C_Q)         0.141     1.671 r  program_counter/pc_reg[4]_rep/Q
                         net (fo=67, routed)          0.239     1.910    instruction_memory/instruction_cache/imem_cache_reg_0_15_26_26/A2
    SLICE_X14Y109        RAMS32                                       r  instruction_memory/instruction_cache/imem_cache_reg_0_15_26_26/SP/ADR2
  -------------------------------------------------------------------    -------------------

                         (clock clk rise edge)        0.000     0.000 r  
    L22                                               0.000     0.000 r  clk (IN)
                         net (fo=0)                   0.000     0.000    clk
    L22                  IBUF (Prop_ibuf_I_O)         0.378     0.378 r  clk_IBUF_inst/O
                         net (fo=1, routed)           0.750     1.128    clk_IBUF
    BUFGCTRL_X0Y0        BUFG (Prop_bufg_I_O)         0.029     1.157 r  clk_IBUF_BUFG_inst/O
                         net (fo=2508, routed)        0.898     2.055    instruction_memory/instruction_cache/imem_cache_reg_0_15_26_26/WCLK
    SLICE_X14Y109        RAMS32                                       r  instruction_memory/instruction_cache/imem_cache_reg_0_15_26_26/SP/CLK
                         clock pessimism             -0.507     1.547    
    SLICE_X14Y109        RAMS32 (Hold_rams32_CLK_ADR2)
                                                      0.254     1.801    instruction_memory/instruction_cache/imem_cache_reg_0_15_26_26/SP
  -------------------------------------------------------------------
                         required time                         -1.801    
                         arrival time                           1.910    
  -------------------------------------------------------------------
                         slack                                  0.109    

Slack (MET) :             0.109ns  (arrival time - required time)
  Source:                 program_counter/pc_reg[4]_rep/C
                            (rising edge-triggered cell FDRE clocked by clk  {rise@0.000ns fall@3.750ns period=7.500ns})
  Destination:            instruction_memory/instruction_cache/imem_cache_reg_0_15_27_27/SP/ADR2
                            (rising edge-triggered cell RAMS32 clocked by clk  {rise@0.000ns fall@3.750ns period=7.500ns})
  Path Group:             clk
  Path Type:              Hold (Min at Fast Process Corner)
  Requirement:            0.000ns  (clk rise@0.000ns - clk rise@0.000ns)
  Data Path Delay:        0.380ns  (logic 0.141ns (37.107%)  route 0.239ns (62.893%))
  Logic Levels:           0  
  Clock Path Skew:        0.017ns (DCD - SCD - CPR)
    Destination Clock Delay (DCD):    2.055ns
    Source Clock Delay      (SCD):    1.530ns
    Clock Pessimism Removal (CPR):    0.507ns

    Location             Delay type                Incr(ns)  Path(ns)    Netlist Resource(s)
  -------------------------------------------------------------------    -------------------
                         (clock clk rise edge)        0.000     0.000 r  
    L22                                               0.000     0.000 r  clk (IN)
                         net (fo=0)                   0.000     0.000    clk
    L22                  IBUF (Prop_ibuf_I_O)         0.190     0.190 r  clk_IBUF_inst/O
                         net (fo=1, routed)           0.690     0.880    clk_IBUF
    BUFGCTRL_X0Y0        BUFG (Prop_bufg_I_O)         0.026     0.906 r  clk_IBUF_BUFG_inst/O
                         net (fo=2508, routed)        0.625     1.530    program_counter/clk_IBUF_BUFG
    SLICE_X13Y110        FDRE                                         r  program_counter/pc_reg[4]_rep/C
  -------------------------------------------------------------------    -------------------
    SLICE_X13Y110        FDRE (Prop_fdre_C_Q)         0.141     1.671 r  program_counter/pc_reg[4]_rep/Q
                         net (fo=67, routed)          0.239     1.910    instruction_memory/instruction_cache/imem_cache_reg_0_15_27_27/A2
    SLICE_X14Y109        RAMS32                                       r  instruction_memory/instruction_cache/imem_cache_reg_0_15_27_27/SP/ADR2
  -------------------------------------------------------------------    -------------------

                         (clock clk rise edge)        0.000     0.000 r  
    L22                                               0.000     0.000 r  clk (IN)
                         net (fo=0)                   0.000     0.000    clk
    L22                  IBUF (Prop_ibuf_I_O)         0.378     0.378 r  clk_IBUF_inst/O
                         net (fo=1, routed)           0.750     1.128    clk_IBUF
    BUFGCTRL_X0Y0        BUFG (Prop_bufg_I_O)         0.029     1.157 r  clk_IBUF_BUFG_inst/O
                         net (fo=2508, routed)        0.898     2.055    instruction_memory/instruction_cache/imem_cache_reg_0_15_27_27/WCLK
    SLICE_X14Y109        RAMS32                                       r  instruction_memory/instruction_cache/imem_cache_reg_0_15_27_27/SP/CLK
                         clock pessimism             -0.507     1.547    
    SLICE_X14Y109        RAMS32 (Hold_rams32_CLK_ADR2)
                                                      0.254     1.801    instruction_memory/instruction_cache/imem_cache_reg_0_15_27_27/SP
  -------------------------------------------------------------------
                         required time                         -1.801    
                         arrival time                           1.910    
  -------------------------------------------------------------------
                         slack                                  0.109    





Pulse Width Checks
--------------------------------------------------------------------------------------
Clock Name:         clk
Waveform(ns):       { 0.000 3.750 }
Period(ns):         7.500
Sources:            { clk }

Check Type        Corner  Lib Pin     Reference Pin  Required(ns)  Actual(ns)  Slack(ns)  Location       Pin
Min Period        n/a     BUFG/I      n/a            1.592         7.500       5.908      BUFGCTRL_X0Y0  clk_IBUF_BUFG_inst/I
Min Period        n/a     FDCE/C      n/a            1.000         7.500       6.500      SLICE_X3Y111   ExMa_reg/ExMa_addrd_reg[0]/C
Min Period        n/a     FDCE/C      n/a            1.000         7.500       6.500      SLICE_X2Y116   ExMa_reg/ExMa_addrd_reg[1]/C
Min Period        n/a     FDCE/C      n/a            1.000         7.500       6.500      SLICE_X3Y115   ExMa_reg/ExMa_addrd_reg[2]/C
Min Period        n/a     FDCE/C      n/a            1.000         7.500       6.500      SLICE_X3Y116   ExMa_reg/ExMa_addrd_reg[3]/C
Min Period        n/a     FDCE/C      n/a            1.000         7.500       6.500      SLICE_X3Y115   ExMa_reg/ExMa_addrd_reg[4]/C
Min Period        n/a     FDCE/C      n/a            1.000         7.500       6.500      SLICE_X2Y119   ExMa_reg/ExMa_alu_output_reg[0]/C
Min Period        n/a     FDCE/C      n/a            1.000         7.500       6.500      SLICE_X2Y118   ExMa_reg/ExMa_alu_output_reg[10]/C
Min Period        n/a     FDCE/C      n/a            1.000         7.500       6.500      SLICE_X1Y119   ExMa_reg/ExMa_alu_output_reg[11]/C
Min Period        n/a     FDCE/C      n/a            1.000         7.500       6.500      SLICE_X7Y120   ExMa_reg/ExMa_alu_output_reg[12]/C
Low Pulse Width   Slow    RAMS32/CLK  n/a            1.130         3.750       2.620      SLICE_X22Y113  data_memory/data_cache/dmem_cache_reg_0_15_0_0/SP/CLK
Low Pulse Width   Fast    RAMS32/CLK  n/a            1.130         3.750       2.620      SLICE_X22Y113  data_memory/data_cache/dmem_cache_reg_0_15_0_0/SP/CLK
Low Pulse Width   Slow    RAMS32/CLK  n/a            1.130         3.750       2.620      SLICE_X16Y112  data_memory/data_cache/dmem_cache_reg_0_15_10_10/SP/CLK
Low Pulse Width   Fast    RAMS32/CLK  n/a            1.130         3.750       2.620      SLICE_X16Y112  data_memory/data_cache/dmem_cache_reg_0_15_10_10/SP/CLK
Low Pulse Width   Slow    RAMS32/CLK  n/a            1.130         3.750       2.620      SLICE_X16Y117  data_memory/data_cache/dmem_cache_reg_0_15_11_11/SP/CLK
Low Pulse Width   Fast    RAMS32/CLK  n/a            1.130         3.750       2.620      SLICE_X16Y117  data_memory/data_cache/dmem_cache_reg_0_15_11_11/SP/CLK
Low Pulse Width   Slow    RAMS32/CLK  n/a            1.130         3.750       2.620      SLICE_X22Y113  data_memory/data_cache/dmem_cache_reg_0_15_12_12/SP/CLK
Low Pulse Width   Fast    RAMS32/CLK  n/a            1.130         3.750       2.620      SLICE_X22Y113  data_memory/data_cache/dmem_cache_reg_0_15_12_12/SP/CLK
Low Pulse Width   Slow    RAMS32/CLK  n/a            1.130         3.750       2.620      SLICE_X22Y113  data_memory/data_cache/dmem_cache_reg_0_15_13_13/SP/CLK
Low Pulse Width   Fast    RAMS32/CLK  n/a            1.130         3.750       2.620      SLICE_X22Y113  data_memory/data_cache/dmem_cache_reg_0_15_13_13/SP/CLK
High Pulse Width  Slow    RAMS32/CLK  n/a            1.130         3.750       2.620      SLICE_X22Y113  data_memory/data_cache/dmem_cache_reg_0_15_0_0/SP/CLK
High Pulse Width  Fast    RAMS32/CLK  n/a            1.130         3.750       2.620      SLICE_X22Y113  data_memory/data_cache/dmem_cache_reg_0_15_0_0/SP/CLK
High Pulse Width  Slow    RAMS32/CLK  n/a            1.130         3.750       2.620      SLICE_X16Y112  data_memory/data_cache/dmem_cache_reg_0_15_10_10/SP/CLK
High Pulse Width  Fast    RAMS32/CLK  n/a            1.130         3.750       2.620      SLICE_X16Y112  data_memory/data_cache/dmem_cache_reg_0_15_10_10/SP/CLK
High Pulse Width  Slow    RAMS32/CLK  n/a            1.130         3.750       2.620      SLICE_X16Y117  data_memory/data_cache/dmem_cache_reg_0_15_11_11/SP/CLK
High Pulse Width  Fast    RAMS32/CLK  n/a            1.130         3.750       2.620      SLICE_X16Y117  data_memory/data_cache/dmem_cache_reg_0_15_11_11/SP/CLK
High Pulse Width  Slow    RAMS32/CLK  n/a            1.130         3.750       2.620      SLICE_X22Y113  data_memory/data_cache/dmem_cache_reg_0_15_12_12/SP/CLK
High Pulse Width  Fast    RAMS32/CLK  n/a            1.130         3.750       2.620      SLICE_X22Y113  data_memory/data_cache/dmem_cache_reg_0_15_12_12/SP/CLK
High Pulse Width  Slow    RAMS32/CLK  n/a            1.130         3.750       2.620      SLICE_X22Y113  data_memory/data_cache/dmem_cache_reg_0_15_13_13/SP/CLK
High Pulse Width  Fast    RAMS32/CLK  n/a            1.130         3.750       2.620      SLICE_X22Y113  data_memory/data_cache/dmem_cache_reg_0_15_13_13/SP/CLK



---------------------------------------------------------------------------------------------------
Path Group:  **async_default**
From Clock:  clk
  To Clock:  clk

Setup :            0  Failing Endpoints,  Worst Slack        1.137ns,  Total Violation        0.000ns
Hold  :            0  Failing Endpoints,  Worst Slack        0.965ns,  Total Violation        0.000ns
---------------------------------------------------------------------------------------------------


Max Delay Paths
--------------------------------------------------------------------------------------
Slack (MET) :             1.137ns  (required time - arrival time)
  Source:                 ExMa_reg/ExMa_alu_output_reg[4]/C
                            (rising edge-triggered cell FDCE clocked by clk  {rise@0.000ns fall@3.750ns period=7.500ns})
  Destination:            IdEx_reg/IdEx_imm_instr_reg[20]/CLR
                            (recovery check against rising-edge clock clk  {rise@0.000ns fall@3.750ns period=7.500ns})
  Path Group:             **async_default**
  Path Type:              Recovery (Max at Slow Process Corner)
  Requirement:            7.500ns  (clk rise@7.500ns - clk rise@0.000ns)
  Data Path Delay:        5.962ns  (logic 1.576ns (26.433%)  route 4.386ns (73.567%))
  Logic Levels:           6  (CARRY4=3 LUT3=1 LUT5=1 LUT6=1)
  Clock Path Skew:        -0.034ns (DCD - SCD + CPR)
    Destination Clock Delay (DCD):    4.016ns = ( 11.516 - 7.500 ) 
    Source Clock Delay      (SCD):    4.358ns
    Clock Pessimism Removal (CPR):    0.309ns
  Clock Uncertainty:      0.035ns  ((TSJ^2 + TIJ^2)^1/2 + DJ) / 2 + PE
    Total System Jitter     (TSJ):    0.071ns
    Total Input Jitter      (TIJ):    0.000ns
    Discrete Jitter          (DJ):    0.000ns
    Phase Error              (PE):    0.000ns

    Location             Delay type                Incr(ns)  Path(ns)    Netlist Resource(s)
  -------------------------------------------------------------------    -------------------
                         (clock clk rise edge)        0.000     0.000 r  
    L22                                               0.000     0.000 r  clk (IN)
                         net (fo=0)                   0.000     0.000    clk
    L22                  IBUF (Prop_ibuf_I_O)         0.893     0.893 r  clk_IBUF_inst/O
                         net (fo=1, routed)           1.827     2.720    clk_IBUF
    BUFGCTRL_X0Y0        BUFG (Prop_bufg_I_O)         0.081     2.801 r  clk_IBUF_BUFG_inst/O
                         net (fo=2508, routed)        1.558     4.358    ExMa_reg/clk_IBUF_BUFG
    SLICE_X5Y116         FDCE                                         r  ExMa_reg/ExMa_alu_output_reg[4]/C
  -------------------------------------------------------------------    -------------------
    SLICE_X5Y116         FDCE (Prop_fdce_C_Q)         0.379     4.737 r  ExMa_reg/ExMa_alu_output_reg[4]/Q
                         net (fo=19, routed)          1.831     6.569    ExMa_reg/ExMa_alu_output_reg[31]_0[4]
    SLICE_X20Y122        LUT6 (Prop_lut6_I0_O)        0.105     6.674 r  ExMa_reg/IfId_instr[30]_i_15/O
                         net (fo=1, routed)           0.000     6.674    ExMa_reg/IfId_instr[30]_i_15_n_0
    SLICE_X20Y122        CARRY4 (Prop_carry4_S[1]_CO[3])
                                                      0.444     7.118 r  ExMa_reg/IfId_instr_reg[30]_i_8/CO[3]
                         net (fo=1, routed)           0.000     7.118    ExMa_reg/IfId_instr_reg[30]_i_8_n_0
    SLICE_X20Y123        CARRY4 (Prop_carry4_CI_CO[3])
                                                      0.100     7.218 r  ExMa_reg/IfId_instr_reg[30]_i_4/CO[3]
                         net (fo=1, routed)           0.000     7.218    ExMa_reg/IfId_instr_reg[30]_i_4_n_0
    SLICE_X20Y124        CARRY4 (Prop_carry4_CI_CO[2])
                                                      0.191     7.409 f  ExMa_reg/IfId_instr_reg[30]_i_3/CO[2]
                         net (fo=2, routed)           0.350     7.759    ExMa_reg/flush_exma2
    SLICE_X21Y125        LUT5 (Prop_lut5_I3_O)        0.252     8.011 f  ExMa_reg/pc[31]_i_5/O
                         net (fo=41, routed)          0.852     8.863    ExMa_reg/p_9_in
    SLICE_X13Y114        LUT3 (Prop_lut3_I1_O)        0.105     8.968 f  ExMa_reg/IdEx_addrd[4]_i_2/O
                         net (fo=223, routed)         1.353    10.321    IdEx_reg/rst010_out
    SLICE_X7Y124         FDCE                                         f  IdEx_reg/IdEx_imm_instr_reg[20]/CLR
  -------------------------------------------------------------------    -------------------

                         (clock clk rise edge)        7.500     7.500 r  
    L22                                               0.000     7.500 r  clk (IN)
                         net (fo=0)                   0.000     7.500    clk
    L22                  IBUF (Prop_ibuf_I_O)         0.762     8.262 r  clk_IBUF_inst/O
                         net (fo=1, routed)           1.734     9.996    clk_IBUF
    BUFGCTRL_X0Y0        BUFG (Prop_bufg_I_O)         0.077    10.073 r  clk_IBUF_BUFG_inst/O
                         net (fo=2508, routed)        1.443    11.516    IdEx_reg/clk_IBUF_BUFG
    SLICE_X7Y124         FDCE                                         r  IdEx_reg/IdEx_imm_instr_reg[20]/C
                         clock pessimism              0.309    11.824    
                         clock uncertainty           -0.035    11.789    
    SLICE_X7Y124         FDCE (Recov_fdce_C_CLR)     -0.331    11.458    IdEx_reg/IdEx_imm_instr_reg[20]
  -------------------------------------------------------------------
                         required time                         11.458    
                         arrival time                         -10.321    
  -------------------------------------------------------------------
                         slack                                  1.137    

Slack (MET) :             1.173ns  (required time - arrival time)
  Source:                 ExMa_reg/ExMa_alu_output_reg[4]/C
                            (rising edge-triggered cell FDCE clocked by clk  {rise@0.000ns fall@3.750ns period=7.500ns})
  Destination:            IdEx_reg/IdEx_dataA_reg[21]/CLR
                            (recovery check against rising-edge clock clk  {rise@0.000ns fall@3.750ns period=7.500ns})
  Path Group:             **async_default**
  Path Type:              Recovery (Max at Slow Process Corner)
  Requirement:            7.500ns  (clk rise@7.500ns - clk rise@0.000ns)
  Data Path Delay:        5.844ns  (logic 1.576ns (26.967%)  route 4.268ns (73.033%))
  Logic Levels:           6  (CARRY4=3 LUT3=1 LUT5=1 LUT6=1)
  Clock Path Skew:        -0.116ns (DCD - SCD + CPR)
    Destination Clock Delay (DCD):    3.949ns = ( 11.449 - 7.500 ) 
    Source Clock Delay      (SCD):    4.358ns
    Clock Pessimism Removal (CPR):    0.294ns
  Clock Uncertainty:      0.035ns  ((TSJ^2 + TIJ^2)^1/2 + DJ) / 2 + PE
    Total System Jitter     (TSJ):    0.071ns
    Total Input Jitter      (TIJ):    0.000ns
    Discrete Jitter          (DJ):    0.000ns
    Phase Error              (PE):    0.000ns

    Location             Delay type                Incr(ns)  Path(ns)    Netlist Resource(s)
  -------------------------------------------------------------------    -------------------
                         (clock clk rise edge)        0.000     0.000 r  
    L22                                               0.000     0.000 r  clk (IN)
                         net (fo=0)                   0.000     0.000    clk
    L22                  IBUF (Prop_ibuf_I_O)         0.893     0.893 r  clk_IBUF_inst/O
                         net (fo=1, routed)           1.827     2.720    clk_IBUF
    BUFGCTRL_X0Y0        BUFG (Prop_bufg_I_O)         0.081     2.801 r  clk_IBUF_BUFG_inst/O
                         net (fo=2508, routed)        1.558     4.358    ExMa_reg/clk_IBUF_BUFG
    SLICE_X5Y116         FDCE                                         r  ExMa_reg/ExMa_alu_output_reg[4]/C
  -------------------------------------------------------------------    -------------------
    SLICE_X5Y116         FDCE (Prop_fdce_C_Q)         0.379     4.737 r  ExMa_reg/ExMa_alu_output_reg[4]/Q
                         net (fo=19, routed)          1.831     6.569    ExMa_reg/ExMa_alu_output_reg[31]_0[4]
    SLICE_X20Y122        LUT6 (Prop_lut6_I0_O)        0.105     6.674 r  ExMa_reg/IfId_instr[30]_i_15/O
                         net (fo=1, routed)           0.000     6.674    ExMa_reg/IfId_instr[30]_i_15_n_0
    SLICE_X20Y122        CARRY4 (Prop_carry4_S[1]_CO[3])
                                                      0.444     7.118 r  ExMa_reg/IfId_instr_reg[30]_i_8/CO[3]
                         net (fo=1, routed)           0.000     7.118    ExMa_reg/IfId_instr_reg[30]_i_8_n_0
    SLICE_X20Y123        CARRY4 (Prop_carry4_CI_CO[3])
                                                      0.100     7.218 r  ExMa_reg/IfId_instr_reg[30]_i_4/CO[3]
                         net (fo=1, routed)           0.000     7.218    ExMa_reg/IfId_instr_reg[30]_i_4_n_0
    SLICE_X20Y124        CARRY4 (Prop_carry4_CI_CO[2])
                                                      0.191     7.409 f  ExMa_reg/IfId_instr_reg[30]_i_3/CO[2]
                         net (fo=2, routed)           0.350     7.759    ExMa_reg/flush_exma2
    SLICE_X21Y125        LUT5 (Prop_lut5_I3_O)        0.252     8.011 f  ExMa_reg/pc[31]_i_5/O
                         net (fo=41, routed)          0.852     8.863    ExMa_reg/p_9_in
    SLICE_X13Y114        LUT3 (Prop_lut3_I1_O)        0.105     8.968 f  ExMa_reg/IdEx_addrd[4]_i_2/O
                         net (fo=223, routed)         1.235    10.203    IdEx_reg/rst010_out
    SLICE_X11Y124        FDCE                                         f  IdEx_reg/IdEx_dataA_reg[21]/CLR
  -------------------------------------------------------------------    -------------------

                         (clock clk rise edge)        7.500     7.500 r  
    L22                                               0.000     7.500 r  clk (IN)
                         net (fo=0)                   0.000     7.500    clk
    L22                  IBUF (Prop_ibuf_I_O)         0.762     8.262 r  clk_IBUF_inst/O
                         net (fo=1, routed)           1.734     9.996    clk_IBUF
    BUFGCTRL_X0Y0        BUFG (Prop_bufg_I_O)         0.077    10.073 r  clk_IBUF_BUFG_inst/O
                         net (fo=2508, routed)        1.376    11.449    IdEx_reg/clk_IBUF_BUFG
    SLICE_X11Y124        FDCE                                         r  IdEx_reg/IdEx_dataA_reg[21]/C
                         clock pessimism              0.294    11.742    
                         clock uncertainty           -0.035    11.707    
    SLICE_X11Y124        FDCE (Recov_fdce_C_CLR)     -0.331    11.376    IdEx_reg/IdEx_dataA_reg[21]
  -------------------------------------------------------------------
                         required time                         11.376    
                         arrival time                         -10.203    
  -------------------------------------------------------------------
                         slack                                  1.173    

Slack (MET) :             1.173ns  (required time - arrival time)
  Source:                 ExMa_reg/ExMa_alu_output_reg[4]/C
                            (rising edge-triggered cell FDCE clocked by clk  {rise@0.000ns fall@3.750ns period=7.500ns})
  Destination:            IdEx_reg/IdEx_dataA_reg[23]/CLR
                            (recovery check against rising-edge clock clk  {rise@0.000ns fall@3.750ns period=7.500ns})
  Path Group:             **async_default**
  Path Type:              Recovery (Max at Slow Process Corner)
  Requirement:            7.500ns  (clk rise@7.500ns - clk rise@0.000ns)
  Data Path Delay:        5.844ns  (logic 1.576ns (26.967%)  route 4.268ns (73.033%))
  Logic Levels:           6  (CARRY4=3 LUT3=1 LUT5=1 LUT6=1)
  Clock Path Skew:        -0.116ns (DCD - SCD + CPR)
    Destination Clock Delay (DCD):    3.949ns = ( 11.449 - 7.500 ) 
    Source Clock Delay      (SCD):    4.358ns
    Clock Pessimism Removal (CPR):    0.294ns
  Clock Uncertainty:      0.035ns  ((TSJ^2 + TIJ^2)^1/2 + DJ) / 2 + PE
    Total System Jitter     (TSJ):    0.071ns
    Total Input Jitter      (TIJ):    0.000ns
    Discrete Jitter          (DJ):    0.000ns
    Phase Error              (PE):    0.000ns

    Location             Delay type                Incr(ns)  Path(ns)    Netlist Resource(s)
  -------------------------------------------------------------------    -------------------
                         (clock clk rise edge)        0.000     0.000 r  
    L22                                               0.000     0.000 r  clk (IN)
                         net (fo=0)                   0.000     0.000    clk
    L22                  IBUF (Prop_ibuf_I_O)         0.893     0.893 r  clk_IBUF_inst/O
                         net (fo=1, routed)           1.827     2.720    clk_IBUF
    BUFGCTRL_X0Y0        BUFG (Prop_bufg_I_O)         0.081     2.801 r  clk_IBUF_BUFG_inst/O
                         net (fo=2508, routed)        1.558     4.358    ExMa_reg/clk_IBUF_BUFG
    SLICE_X5Y116         FDCE                                         r  ExMa_reg/ExMa_alu_output_reg[4]/C
  -------------------------------------------------------------------    -------------------
    SLICE_X5Y116         FDCE (Prop_fdce_C_Q)         0.379     4.737 r  ExMa_reg/ExMa_alu_output_reg[4]/Q
                         net (fo=19, routed)          1.831     6.569    ExMa_reg/ExMa_alu_output_reg[31]_0[4]
    SLICE_X20Y122        LUT6 (Prop_lut6_I0_O)        0.105     6.674 r  ExMa_reg/IfId_instr[30]_i_15/O
                         net (fo=1, routed)           0.000     6.674    ExMa_reg/IfId_instr[30]_i_15_n_0
    SLICE_X20Y122        CARRY4 (Prop_carry4_S[1]_CO[3])
                                                      0.444     7.118 r  ExMa_reg/IfId_instr_reg[30]_i_8/CO[3]
                         net (fo=1, routed)           0.000     7.118    ExMa_reg/IfId_instr_reg[30]_i_8_n_0
    SLICE_X20Y123        CARRY4 (Prop_carry4_CI_CO[3])
                                                      0.100     7.218 r  ExMa_reg/IfId_instr_reg[30]_i_4/CO[3]
                         net (fo=1, routed)           0.000     7.218    ExMa_reg/IfId_instr_reg[30]_i_4_n_0
    SLICE_X20Y124        CARRY4 (Prop_carry4_CI_CO[2])
                                                      0.191     7.409 f  ExMa_reg/IfId_instr_reg[30]_i_3/CO[2]
                         net (fo=2, routed)           0.350     7.759    ExMa_reg/flush_exma2
    SLICE_X21Y125        LUT5 (Prop_lut5_I3_O)        0.252     8.011 f  ExMa_reg/pc[31]_i_5/O
                         net (fo=41, routed)          0.852     8.863    ExMa_reg/p_9_in
    SLICE_X13Y114        LUT3 (Prop_lut3_I1_O)        0.105     8.968 f  ExMa_reg/IdEx_addrd[4]_i_2/O
                         net (fo=223, routed)         1.235    10.203    IdEx_reg/rst010_out
    SLICE_X11Y124        FDCE                                         f  IdEx_reg/IdEx_dataA_reg[23]/CLR
  -------------------------------------------------------------------    -------------------

                         (clock clk rise edge)        7.500     7.500 r  
    L22                                               0.000     7.500 r  clk (IN)
                         net (fo=0)                   0.000     7.500    clk
    L22                  IBUF (Prop_ibuf_I_O)         0.762     8.262 r  clk_IBUF_inst/O
                         net (fo=1, routed)           1.734     9.996    clk_IBUF
    BUFGCTRL_X0Y0        BUFG (Prop_bufg_I_O)         0.077    10.073 r  clk_IBUF_BUFG_inst/O
                         net (fo=2508, routed)        1.376    11.449    IdEx_reg/clk_IBUF_BUFG
    SLICE_X11Y124        FDCE                                         r  IdEx_reg/IdEx_dataA_reg[23]/C
                         clock pessimism              0.294    11.742    
                         clock uncertainty           -0.035    11.707    
    SLICE_X11Y124        FDCE (Recov_fdce_C_CLR)     -0.331    11.376    IdEx_reg/IdEx_dataA_reg[23]
  -------------------------------------------------------------------
                         required time                         11.376    
                         arrival time                         -10.203    
  -------------------------------------------------------------------
                         slack                                  1.173    

Slack (MET) :             1.312ns  (required time - arrival time)
  Source:                 ExMa_reg/ExMa_alu_output_reg[4]/C
                            (rising edge-triggered cell FDCE clocked by clk  {rise@0.000ns fall@3.750ns period=7.500ns})
  Destination:            IdEx_reg/IdEx_dataA_reg[29]/CLR
                            (recovery check against rising-edge clock clk  {rise@0.000ns fall@3.750ns period=7.500ns})
  Path Group:             **async_default**
  Path Type:              Recovery (Max at Slow Process Corner)
  Requirement:            7.500ns  (clk rise@7.500ns - clk rise@0.000ns)
  Data Path Delay:        5.706ns  (logic 1.576ns (27.620%)  route 4.130ns (72.380%))
  Logic Levels:           6  (CARRY4=3 LUT3=1 LUT5=1 LUT6=1)
  Clock Path Skew:        -0.116ns (DCD - SCD + CPR)
    Destination Clock Delay (DCD):    3.949ns = ( 11.449 - 7.500 ) 
    Source Clock Delay      (SCD):    4.358ns
    Clock Pessimism Removal (CPR):    0.294ns
  Clock Uncertainty:      0.035ns  ((TSJ^2 + TIJ^2)^1/2 + DJ) / 2 + PE
    Total System Jitter     (TSJ):    0.071ns
    Total Input Jitter      (TIJ):    0.000ns
    Discrete Jitter          (DJ):    0.000ns
    Phase Error              (PE):    0.000ns

    Location             Delay type                Incr(ns)  Path(ns)    Netlist Resource(s)
  -------------------------------------------------------------------    -------------------
                         (clock clk rise edge)        0.000     0.000 r  
    L22                                               0.000     0.000 r  clk (IN)
                         net (fo=0)                   0.000     0.000    clk
    L22                  IBUF (Prop_ibuf_I_O)         0.893     0.893 r  clk_IBUF_inst/O
                         net (fo=1, routed)           1.827     2.720    clk_IBUF
    BUFGCTRL_X0Y0        BUFG (Prop_bufg_I_O)         0.081     2.801 r  clk_IBUF_BUFG_inst/O
                         net (fo=2508, routed)        1.558     4.358    ExMa_reg/clk_IBUF_BUFG
    SLICE_X5Y116         FDCE                                         r  ExMa_reg/ExMa_alu_output_reg[4]/C
  -------------------------------------------------------------------    -------------------
    SLICE_X5Y116         FDCE (Prop_fdce_C_Q)         0.379     4.737 r  ExMa_reg/ExMa_alu_output_reg[4]/Q
                         net (fo=19, routed)          1.831     6.569    ExMa_reg/ExMa_alu_output_reg[31]_0[4]
    SLICE_X20Y122        LUT6 (Prop_lut6_I0_O)        0.105     6.674 r  ExMa_reg/IfId_instr[30]_i_15/O
                         net (fo=1, routed)           0.000     6.674    ExMa_reg/IfId_instr[30]_i_15_n_0
    SLICE_X20Y122        CARRY4 (Prop_carry4_S[1]_CO[3])
                                                      0.444     7.118 r  ExMa_reg/IfId_instr_reg[30]_i_8/CO[3]
                         net (fo=1, routed)           0.000     7.118    ExMa_reg/IfId_instr_reg[30]_i_8_n_0
    SLICE_X20Y123        CARRY4 (Prop_carry4_CI_CO[3])
                                                      0.100     7.218 r  ExMa_reg/IfId_instr_reg[30]_i_4/CO[3]
                         net (fo=1, routed)           0.000     7.218    ExMa_reg/IfId_instr_reg[30]_i_4_n_0
    SLICE_X20Y124        CARRY4 (Prop_carry4_CI_CO[2])
                                                      0.191     7.409 f  ExMa_reg/IfId_instr_reg[30]_i_3/CO[2]
                         net (fo=2, routed)           0.350     7.759    ExMa_reg/flush_exma2
    SLICE_X21Y125        LUT5 (Prop_lut5_I3_O)        0.252     8.011 f  ExMa_reg/pc[31]_i_5/O
                         net (fo=41, routed)          0.852     8.863    ExMa_reg/p_9_in
    SLICE_X13Y114        LUT3 (Prop_lut3_I1_O)        0.105     8.968 f  ExMa_reg/IdEx_addrd[4]_i_2/O
                         net (fo=223, routed)         1.096    10.064    IdEx_reg/rst010_out
    SLICE_X11Y125        FDCE                                         f  IdEx_reg/IdEx_dataA_reg[29]/CLR
  -------------------------------------------------------------------    -------------------

                         (clock clk rise edge)        7.500     7.500 r  
    L22                                               0.000     7.500 r  clk (IN)
                         net (fo=0)                   0.000     7.500    clk
    L22                  IBUF (Prop_ibuf_I_O)         0.762     8.262 r  clk_IBUF_inst/O
                         net (fo=1, routed)           1.734     9.996    clk_IBUF
    BUFGCTRL_X0Y0        BUFG (Prop_bufg_I_O)         0.077    10.073 r  clk_IBUF_BUFG_inst/O
                         net (fo=2508, routed)        1.376    11.449    IdEx_reg/clk_IBUF_BUFG
    SLICE_X11Y125        FDCE                                         r  IdEx_reg/IdEx_dataA_reg[29]/C
                         clock pessimism              0.294    11.742    
                         clock uncertainty           -0.035    11.707    
    SLICE_X11Y125        FDCE (Recov_fdce_C_CLR)     -0.331    11.376    IdEx_reg/IdEx_dataA_reg[29]
  -------------------------------------------------------------------
                         required time                         11.376    
                         arrival time                         -10.064    
  -------------------------------------------------------------------
                         slack                                  1.312    

Slack (MET) :             1.312ns  (required time - arrival time)
  Source:                 ExMa_reg/ExMa_alu_output_reg[4]/C
                            (rising edge-triggered cell FDCE clocked by clk  {rise@0.000ns fall@3.750ns period=7.500ns})
  Destination:            IdEx_reg/IdEx_dataA_reg[31]/CLR
                            (recovery check against rising-edge clock clk  {rise@0.000ns fall@3.750ns period=7.500ns})
  Path Group:             **async_default**
  Path Type:              Recovery (Max at Slow Process Corner)
  Requirement:            7.500ns  (clk rise@7.500ns - clk rise@0.000ns)
  Data Path Delay:        5.706ns  (logic 1.576ns (27.620%)  route 4.130ns (72.380%))
  Logic Levels:           6  (CARRY4=3 LUT3=1 LUT5=1 LUT6=1)
  Clock Path Skew:        -0.116ns (DCD - SCD + CPR)
    Destination Clock Delay (DCD):    3.949ns = ( 11.449 - 7.500 ) 
    Source Clock Delay      (SCD):    4.358ns
    Clock Pessimism Removal (CPR):    0.294ns
  Clock Uncertainty:      0.035ns  ((TSJ^2 + TIJ^2)^1/2 + DJ) / 2 + PE
    Total System Jitter     (TSJ):    0.071ns
    Total Input Jitter      (TIJ):    0.000ns
    Discrete Jitter          (DJ):    0.000ns
    Phase Error              (PE):    0.000ns

    Location             Delay type                Incr(ns)  Path(ns)    Netlist Resource(s)
  -------------------------------------------------------------------    -------------------
                         (clock clk rise edge)        0.000     0.000 r  
    L22                                               0.000     0.000 r  clk (IN)
                         net (fo=0)                   0.000     0.000    clk
    L22                  IBUF (Prop_ibuf_I_O)         0.893     0.893 r  clk_IBUF_inst/O
                         net (fo=1, routed)           1.827     2.720    clk_IBUF
    BUFGCTRL_X0Y0        BUFG (Prop_bufg_I_O)         0.081     2.801 r  clk_IBUF_BUFG_inst/O
                         net (fo=2508, routed)        1.558     4.358    ExMa_reg/clk_IBUF_BUFG
    SLICE_X5Y116         FDCE                                         r  ExMa_reg/ExMa_alu_output_reg[4]/C
  -------------------------------------------------------------------    -------------------
    SLICE_X5Y116         FDCE (Prop_fdce_C_Q)         0.379     4.737 r  ExMa_reg/ExMa_alu_output_reg[4]/Q
                         net (fo=19, routed)          1.831     6.569    ExMa_reg/ExMa_alu_output_reg[31]_0[4]
    SLICE_X20Y122        LUT6 (Prop_lut6_I0_O)        0.105     6.674 r  ExMa_reg/IfId_instr[30]_i_15/O
                         net (fo=1, routed)           0.000     6.674    ExMa_reg/IfId_instr[30]_i_15_n_0
    SLICE_X20Y122        CARRY4 (Prop_carry4_S[1]_CO[3])
                                                      0.444     7.118 r  ExMa_reg/IfId_instr_reg[30]_i_8/CO[3]
                         net (fo=1, routed)           0.000     7.118    ExMa_reg/IfId_instr_reg[30]_i_8_n_0
    SLICE_X20Y123        CARRY4 (Prop_carry4_CI_CO[3])
                                                      0.100     7.218 r  ExMa_reg/IfId_instr_reg[30]_i_4/CO[3]
                         net (fo=1, routed)           0.000     7.218    ExMa_reg/IfId_instr_reg[30]_i_4_n_0
    SLICE_X20Y124        CARRY4 (Prop_carry4_CI_CO[2])
                                                      0.191     7.409 f  ExMa_reg/IfId_instr_reg[30]_i_3/CO[2]
                         net (fo=2, routed)           0.350     7.759    ExMa_reg/flush_exma2
    SLICE_X21Y125        LUT5 (Prop_lut5_I3_O)        0.252     8.011 f  ExMa_reg/pc[31]_i_5/O
                         net (fo=41, routed)          0.852     8.863    ExMa_reg/p_9_in
    SLICE_X13Y114        LUT3 (Prop_lut3_I1_O)        0.105     8.968 f  ExMa_reg/IdEx_addrd[4]_i_2/O
                         net (fo=223, routed)         1.096    10.064    IdEx_reg/rst010_out
    SLICE_X11Y125        FDCE                                         f  IdEx_reg/IdEx_dataA_reg[31]/CLR
  -------------------------------------------------------------------    -------------------

                         (clock clk rise edge)        7.500     7.500 r  
    L22                                               0.000     7.500 r  clk (IN)
                         net (fo=0)                   0.000     7.500    clk
    L22                  IBUF (Prop_ibuf_I_O)         0.762     8.262 r  clk_IBUF_inst/O
                         net (fo=1, routed)           1.734     9.996    clk_IBUF
    BUFGCTRL_X0Y0        BUFG (Prop_bufg_I_O)         0.077    10.073 r  clk_IBUF_BUFG_inst/O
                         net (fo=2508, routed)        1.376    11.449    IdEx_reg/clk_IBUF_BUFG
    SLICE_X11Y125        FDCE                                         r  IdEx_reg/IdEx_dataA_reg[31]/C
                         clock pessimism              0.294    11.742    
                         clock uncertainty           -0.035    11.707    
    SLICE_X11Y125        FDCE (Recov_fdce_C_CLR)     -0.331    11.376    IdEx_reg/IdEx_dataA_reg[31]
  -------------------------------------------------------------------
                         required time                         11.376    
                         arrival time                         -10.064    
  -------------------------------------------------------------------
                         slack                                  1.312    

Slack (MET) :             1.312ns  (required time - arrival time)
  Source:                 ExMa_reg/ExMa_alu_output_reg[4]/C
                            (rising edge-triggered cell FDCE clocked by clk  {rise@0.000ns fall@3.750ns period=7.500ns})
  Destination:            IdEx_reg/IdEx_dataB_reg[23]/CLR
                            (recovery check against rising-edge clock clk  {rise@0.000ns fall@3.750ns period=7.500ns})
  Path Group:             **async_default**
  Path Type:              Recovery (Max at Slow Process Corner)
  Requirement:            7.500ns  (clk rise@7.500ns - clk rise@0.000ns)
  Data Path Delay:        5.706ns  (logic 1.576ns (27.620%)  route 4.130ns (72.380%))
  Logic Levels:           6  (CARRY4=3 LUT3=1 LUT5=1 LUT6=1)
  Clock Path Skew:        -0.116ns (DCD - SCD + CPR)
    Destination Clock Delay (DCD):    3.949ns = ( 11.449 - 7.500 ) 
    Source Clock Delay      (SCD):    4.358ns
    Clock Pessimism Removal (CPR):    0.294ns
  Clock Uncertainty:      0.035ns  ((TSJ^2 + TIJ^2)^1/2 + DJ) / 2 + PE
    Total System Jitter     (TSJ):    0.071ns
    Total Input Jitter      (TIJ):    0.000ns
    Discrete Jitter          (DJ):    0.000ns
    Phase Error              (PE):    0.000ns

    Location             Delay type                Incr(ns)  Path(ns)    Netlist Resource(s)
  -------------------------------------------------------------------    -------------------
                         (clock clk rise edge)        0.000     0.000 r  
    L22                                               0.000     0.000 r  clk (IN)
                         net (fo=0)                   0.000     0.000    clk
    L22                  IBUF (Prop_ibuf_I_O)         0.893     0.893 r  clk_IBUF_inst/O
                         net (fo=1, routed)           1.827     2.720    clk_IBUF
    BUFGCTRL_X0Y0        BUFG (Prop_bufg_I_O)         0.081     2.801 r  clk_IBUF_BUFG_inst/O
                         net (fo=2508, routed)        1.558     4.358    ExMa_reg/clk_IBUF_BUFG
    SLICE_X5Y116         FDCE                                         r  ExMa_reg/ExMa_alu_output_reg[4]/C
  -------------------------------------------------------------------    -------------------
    SLICE_X5Y116         FDCE (Prop_fdce_C_Q)         0.379     4.737 r  ExMa_reg/ExMa_alu_output_reg[4]/Q
                         net (fo=19, routed)          1.831     6.569    ExMa_reg/ExMa_alu_output_reg[31]_0[4]
    SLICE_X20Y122        LUT6 (Prop_lut6_I0_O)        0.105     6.674 r  ExMa_reg/IfId_instr[30]_i_15/O
                         net (fo=1, routed)           0.000     6.674    ExMa_reg/IfId_instr[30]_i_15_n_0
    SLICE_X20Y122        CARRY4 (Prop_carry4_S[1]_CO[3])
                                                      0.444     7.118 r  ExMa_reg/IfId_instr_reg[30]_i_8/CO[3]
                         net (fo=1, routed)           0.000     7.118    ExMa_reg/IfId_instr_reg[30]_i_8_n_0
    SLICE_X20Y123        CARRY4 (Prop_carry4_CI_CO[3])
                                                      0.100     7.218 r  ExMa_reg/IfId_instr_reg[30]_i_4/CO[3]
                         net (fo=1, routed)           0.000     7.218    ExMa_reg/IfId_instr_reg[30]_i_4_n_0
    SLICE_X20Y124        CARRY4 (Prop_carry4_CI_CO[2])
                                                      0.191     7.409 f  ExMa_reg/IfId_instr_reg[30]_i_3/CO[2]
                         net (fo=2, routed)           0.350     7.759    ExMa_reg/flush_exma2
    SLICE_X21Y125        LUT5 (Prop_lut5_I3_O)        0.252     8.011 f  ExMa_reg/pc[31]_i_5/O
                         net (fo=41, routed)          0.852     8.863    ExMa_reg/p_9_in
    SLICE_X13Y114        LUT3 (Prop_lut3_I1_O)        0.105     8.968 f  ExMa_reg/IdEx_addrd[4]_i_2/O
                         net (fo=223, routed)         1.096    10.064    IdEx_reg/rst010_out
    SLICE_X11Y125        FDCE                                         f  IdEx_reg/IdEx_dataB_reg[23]/CLR
  -------------------------------------------------------------------    -------------------

                         (clock clk rise edge)        7.500     7.500 r  
    L22                                               0.000     7.500 r  clk (IN)
                         net (fo=0)                   0.000     7.500    clk
    L22                  IBUF (Prop_ibuf_I_O)         0.762     8.262 r  clk_IBUF_inst/O
                         net (fo=1, routed)           1.734     9.996    clk_IBUF
    BUFGCTRL_X0Y0        BUFG (Prop_bufg_I_O)         0.077    10.073 r  clk_IBUF_BUFG_inst/O
                         net (fo=2508, routed)        1.376    11.449    IdEx_reg/clk_IBUF_BUFG
    SLICE_X11Y125        FDCE                                         r  IdEx_reg/IdEx_dataB_reg[23]/C
                         clock pessimism              0.294    11.742    
                         clock uncertainty           -0.035    11.707    
    SLICE_X11Y125        FDCE (Recov_fdce_C_CLR)     -0.331    11.376    IdEx_reg/IdEx_dataB_reg[23]
  -------------------------------------------------------------------
                         required time                         11.376    
                         arrival time                         -10.064    
  -------------------------------------------------------------------
                         slack                                  1.312    

Slack (MET) :             1.327ns  (required time - arrival time)
  Source:                 ExMa_reg/ExMa_alu_output_reg[4]/C
                            (rising edge-triggered cell FDCE clocked by clk  {rise@0.000ns fall@3.750ns period=7.500ns})
  Destination:            IdEx_reg/IdEx_dataA_reg[19]/CLR
                            (recovery check against rising-edge clock clk  {rise@0.000ns fall@3.750ns period=7.500ns})
  Path Group:             **async_default**
  Path Type:              Recovery (Max at Slow Process Corner)
  Requirement:            7.500ns  (clk rise@7.500ns - clk rise@0.000ns)
  Data Path Delay:        5.691ns  (logic 1.576ns (27.692%)  route 4.115ns (72.308%))
  Logic Levels:           6  (CARRY4=3 LUT3=1 LUT5=1 LUT6=1)
  Clock Path Skew:        -0.115ns (DCD - SCD + CPR)
    Destination Clock Delay (DCD):    3.950ns = ( 11.450 - 7.500 ) 
    Source Clock Delay      (SCD):    4.358ns
    Clock Pessimism Removal (CPR):    0.294ns
  Clock Uncertainty:      0.035ns  ((TSJ^2 + TIJ^2)^1/2 + DJ) / 2 + PE
    Total System Jitter     (TSJ):    0.071ns
    Total Input Jitter      (TIJ):    0.000ns
    Discrete Jitter          (DJ):    0.000ns
    Phase Error              (PE):    0.000ns

    Location             Delay type                Incr(ns)  Path(ns)    Netlist Resource(s)
  -------------------------------------------------------------------    -------------------
                         (clock clk rise edge)        0.000     0.000 r  
    L22                                               0.000     0.000 r  clk (IN)
                         net (fo=0)                   0.000     0.000    clk
    L22                  IBUF (Prop_ibuf_I_O)         0.893     0.893 r  clk_IBUF_inst/O
                         net (fo=1, routed)           1.827     2.720    clk_IBUF
    BUFGCTRL_X0Y0        BUFG (Prop_bufg_I_O)         0.081     2.801 r  clk_IBUF_BUFG_inst/O
                         net (fo=2508, routed)        1.558     4.358    ExMa_reg/clk_IBUF_BUFG
    SLICE_X5Y116         FDCE                                         r  ExMa_reg/ExMa_alu_output_reg[4]/C
  -------------------------------------------------------------------    -------------------
    SLICE_X5Y116         FDCE (Prop_fdce_C_Q)         0.379     4.737 r  ExMa_reg/ExMa_alu_output_reg[4]/Q
                         net (fo=19, routed)          1.831     6.569    ExMa_reg/ExMa_alu_output_reg[31]_0[4]
    SLICE_X20Y122        LUT6 (Prop_lut6_I0_O)        0.105     6.674 r  ExMa_reg/IfId_instr[30]_i_15/O
                         net (fo=1, routed)           0.000     6.674    ExMa_reg/IfId_instr[30]_i_15_n_0
    SLICE_X20Y122        CARRY4 (Prop_carry4_S[1]_CO[3])
                                                      0.444     7.118 r  ExMa_reg/IfId_instr_reg[30]_i_8/CO[3]
                         net (fo=1, routed)           0.000     7.118    ExMa_reg/IfId_instr_reg[30]_i_8_n_0
    SLICE_X20Y123        CARRY4 (Prop_carry4_CI_CO[3])
                                                      0.100     7.218 r  ExMa_reg/IfId_instr_reg[30]_i_4/CO[3]
                         net (fo=1, routed)           0.000     7.218    ExMa_reg/IfId_instr_reg[30]_i_4_n_0
    SLICE_X20Y124        CARRY4 (Prop_carry4_CI_CO[2])
                                                      0.191     7.409 f  ExMa_reg/IfId_instr_reg[30]_i_3/CO[2]
                         net (fo=2, routed)           0.350     7.759    ExMa_reg/flush_exma2
    SLICE_X21Y125        LUT5 (Prop_lut5_I3_O)        0.252     8.011 f  ExMa_reg/pc[31]_i_5/O
                         net (fo=41, routed)          0.852     8.863    ExMa_reg/p_9_in
    SLICE_X13Y114        LUT3 (Prop_lut3_I1_O)        0.105     8.968 f  ExMa_reg/IdEx_addrd[4]_i_2/O
                         net (fo=223, routed)         1.082    10.050    IdEx_reg/rst010_out
    SLICE_X9Y123         FDCE                                         f  IdEx_reg/IdEx_dataA_reg[19]/CLR
  -------------------------------------------------------------------    -------------------

                         (clock clk rise edge)        7.500     7.500 r  
    L22                                               0.000     7.500 r  clk (IN)
                         net (fo=0)                   0.000     7.500    clk
    L22                  IBUF (Prop_ibuf_I_O)         0.762     8.262 r  clk_IBUF_inst/O
                         net (fo=1, routed)           1.734     9.996    clk_IBUF
    BUFGCTRL_X0Y0        BUFG (Prop_bufg_I_O)         0.077    10.073 r  clk_IBUF_BUFG_inst/O
                         net (fo=2508, routed)        1.377    11.450    IdEx_reg/clk_IBUF_BUFG
    SLICE_X9Y123         FDCE                                         r  IdEx_reg/IdEx_dataA_reg[19]/C
                         clock pessimism              0.294    11.743    
                         clock uncertainty           -0.035    11.708    
    SLICE_X9Y123         FDCE (Recov_fdce_C_CLR)     -0.331    11.377    IdEx_reg/IdEx_dataA_reg[19]
  -------------------------------------------------------------------
                         required time                         11.377    
                         arrival time                         -10.050    
  -------------------------------------------------------------------
                         slack                                  1.327    

Slack (MET) :             1.327ns  (required time - arrival time)
  Source:                 ExMa_reg/ExMa_alu_output_reg[4]/C
                            (rising edge-triggered cell FDCE clocked by clk  {rise@0.000ns fall@3.750ns period=7.500ns})
  Destination:            IdEx_reg/IdEx_dataA_reg[20]/CLR
                            (recovery check against rising-edge clock clk  {rise@0.000ns fall@3.750ns period=7.500ns})
  Path Group:             **async_default**
  Path Type:              Recovery (Max at Slow Process Corner)
  Requirement:            7.500ns  (clk rise@7.500ns - clk rise@0.000ns)
  Data Path Delay:        5.691ns  (logic 1.576ns (27.692%)  route 4.115ns (72.308%))
  Logic Levels:           6  (CARRY4=3 LUT3=1 LUT5=1 LUT6=1)
  Clock Path Skew:        -0.115ns (DCD - SCD + CPR)
    Destination Clock Delay (DCD):    3.950ns = ( 11.450 - 7.500 ) 
    Source Clock Delay      (SCD):    4.358ns
    Clock Pessimism Removal (CPR):    0.294ns
  Clock Uncertainty:      0.035ns  ((TSJ^2 + TIJ^2)^1/2 + DJ) / 2 + PE
    Total System Jitter     (TSJ):    0.071ns
    Total Input Jitter      (TIJ):    0.000ns
    Discrete Jitter          (DJ):    0.000ns
    Phase Error              (PE):    0.000ns

    Location             Delay type                Incr(ns)  Path(ns)    Netlist Resource(s)
  -------------------------------------------------------------------    -------------------
                         (clock clk rise edge)        0.000     0.000 r  
    L22                                               0.000     0.000 r  clk (IN)
                         net (fo=0)                   0.000     0.000    clk
    L22                  IBUF (Prop_ibuf_I_O)         0.893     0.893 r  clk_IBUF_inst/O
                         net (fo=1, routed)           1.827     2.720    clk_IBUF
    BUFGCTRL_X0Y0        BUFG (Prop_bufg_I_O)         0.081     2.801 r  clk_IBUF_BUFG_inst/O
                         net (fo=2508, routed)        1.558     4.358    ExMa_reg/clk_IBUF_BUFG
    SLICE_X5Y116         FDCE                                         r  ExMa_reg/ExMa_alu_output_reg[4]/C
  -------------------------------------------------------------------    -------------------
    SLICE_X5Y116         FDCE (Prop_fdce_C_Q)         0.379     4.737 r  ExMa_reg/ExMa_alu_output_reg[4]/Q
                         net (fo=19, routed)          1.831     6.569    ExMa_reg/ExMa_alu_output_reg[31]_0[4]
    SLICE_X20Y122        LUT6 (Prop_lut6_I0_O)        0.105     6.674 r  ExMa_reg/IfId_instr[30]_i_15/O
                         net (fo=1, routed)           0.000     6.674    ExMa_reg/IfId_instr[30]_i_15_n_0
    SLICE_X20Y122        CARRY4 (Prop_carry4_S[1]_CO[3])
                                                      0.444     7.118 r  ExMa_reg/IfId_instr_reg[30]_i_8/CO[3]
                         net (fo=1, routed)           0.000     7.118    ExMa_reg/IfId_instr_reg[30]_i_8_n_0
    SLICE_X20Y123        CARRY4 (Prop_carry4_CI_CO[3])
                                                      0.100     7.218 r  ExMa_reg/IfId_instr_reg[30]_i_4/CO[3]
                         net (fo=1, routed)           0.000     7.218    ExMa_reg/IfId_instr_reg[30]_i_4_n_0
    SLICE_X20Y124        CARRY4 (Prop_carry4_CI_CO[2])
                                                      0.191     7.409 f  ExMa_reg/IfId_instr_reg[30]_i_3/CO[2]
                         net (fo=2, routed)           0.350     7.759    ExMa_reg/flush_exma2
    SLICE_X21Y125        LUT5 (Prop_lut5_I3_O)        0.252     8.011 f  ExMa_reg/pc[31]_i_5/O
                         net (fo=41, routed)          0.852     8.863    ExMa_reg/p_9_in
    SLICE_X13Y114        LUT3 (Prop_lut3_I1_O)        0.105     8.968 f  ExMa_reg/IdEx_addrd[4]_i_2/O
                         net (fo=223, routed)         1.082    10.050    IdEx_reg/rst010_out
    SLICE_X9Y123         FDCE                                         f  IdEx_reg/IdEx_dataA_reg[20]/CLR
  -------------------------------------------------------------------    -------------------

                         (clock clk rise edge)        7.500     7.500 r  
    L22                                               0.000     7.500 r  clk (IN)
                         net (fo=0)                   0.000     7.500    clk
    L22                  IBUF (Prop_ibuf_I_O)         0.762     8.262 r  clk_IBUF_inst/O
                         net (fo=1, routed)           1.734     9.996    clk_IBUF
    BUFGCTRL_X0Y0        BUFG (Prop_bufg_I_O)         0.077    10.073 r  clk_IBUF_BUFG_inst/O
                         net (fo=2508, routed)        1.377    11.450    IdEx_reg/clk_IBUF_BUFG
    SLICE_X9Y123         FDCE                                         r  IdEx_reg/IdEx_dataA_reg[20]/C
                         clock pessimism              0.294    11.743    
                         clock uncertainty           -0.035    11.708    
    SLICE_X9Y123         FDCE (Recov_fdce_C_CLR)     -0.331    11.377    IdEx_reg/IdEx_dataA_reg[20]
  -------------------------------------------------------------------
                         required time                         11.377    
                         arrival time                         -10.050    
  -------------------------------------------------------------------
                         slack                                  1.327    

Slack (MET) :             1.327ns  (required time - arrival time)
  Source:                 ExMa_reg/ExMa_alu_output_reg[4]/C
                            (rising edge-triggered cell FDCE clocked by clk  {rise@0.000ns fall@3.750ns period=7.500ns})
  Destination:            IdEx_reg/IdEx_imm_instr_reg[31]/CLR
                            (recovery check against rising-edge clock clk  {rise@0.000ns fall@3.750ns period=7.500ns})
  Path Group:             **async_default**
  Path Type:              Recovery (Max at Slow Process Corner)
  Requirement:            7.500ns  (clk rise@7.500ns - clk rise@0.000ns)
  Data Path Delay:        5.691ns  (logic 1.576ns (27.692%)  route 4.115ns (72.308%))
  Logic Levels:           6  (CARRY4=3 LUT3=1 LUT5=1 LUT6=1)
  Clock Path Skew:        -0.115ns (DCD - SCD + CPR)
    Destination Clock Delay (DCD):    3.950ns = ( 11.450 - 7.500 ) 
    Source Clock Delay      (SCD):    4.358ns
    Clock Pessimism Removal (CPR):    0.294ns
  Clock Uncertainty:      0.035ns  ((TSJ^2 + TIJ^2)^1/2 + DJ) / 2 + PE
    Total System Jitter     (TSJ):    0.071ns
    Total Input Jitter      (TIJ):    0.000ns
    Discrete Jitter          (DJ):    0.000ns
    Phase Error              (PE):    0.000ns

    Location             Delay type                Incr(ns)  Path(ns)    Netlist Resource(s)
  -------------------------------------------------------------------    -------------------
                         (clock clk rise edge)        0.000     0.000 r  
    L22                                               0.000     0.000 r  clk (IN)
                         net (fo=0)                   0.000     0.000    clk
    L22                  IBUF (Prop_ibuf_I_O)         0.893     0.893 r  clk_IBUF_inst/O
                         net (fo=1, routed)           1.827     2.720    clk_IBUF
    BUFGCTRL_X0Y0        BUFG (Prop_bufg_I_O)         0.081     2.801 r  clk_IBUF_BUFG_inst/O
                         net (fo=2508, routed)        1.558     4.358    ExMa_reg/clk_IBUF_BUFG
    SLICE_X5Y116         FDCE                                         r  ExMa_reg/ExMa_alu_output_reg[4]/C
  -------------------------------------------------------------------    -------------------
    SLICE_X5Y116         FDCE (Prop_fdce_C_Q)         0.379     4.737 r  ExMa_reg/ExMa_alu_output_reg[4]/Q
                         net (fo=19, routed)          1.831     6.569    ExMa_reg/ExMa_alu_output_reg[31]_0[4]
    SLICE_X20Y122        LUT6 (Prop_lut6_I0_O)        0.105     6.674 r  ExMa_reg/IfId_instr[30]_i_15/O
                         net (fo=1, routed)           0.000     6.674    ExMa_reg/IfId_instr[30]_i_15_n_0
    SLICE_X20Y122        CARRY4 (Prop_carry4_S[1]_CO[3])
                                                      0.444     7.118 r  ExMa_reg/IfId_instr_reg[30]_i_8/CO[3]
                         net (fo=1, routed)           0.000     7.118    ExMa_reg/IfId_instr_reg[30]_i_8_n_0
    SLICE_X20Y123        CARRY4 (Prop_carry4_CI_CO[3])
                                                      0.100     7.218 r  ExMa_reg/IfId_instr_reg[30]_i_4/CO[3]
                         net (fo=1, routed)           0.000     7.218    ExMa_reg/IfId_instr_reg[30]_i_4_n_0
    SLICE_X20Y124        CARRY4 (Prop_carry4_CI_CO[2])
                                                      0.191     7.409 f  ExMa_reg/IfId_instr_reg[30]_i_3/CO[2]
                         net (fo=2, routed)           0.350     7.759    ExMa_reg/flush_exma2
    SLICE_X21Y125        LUT5 (Prop_lut5_I3_O)        0.252     8.011 f  ExMa_reg/pc[31]_i_5/O
                         net (fo=41, routed)          0.852     8.863    ExMa_reg/p_9_in
    SLICE_X13Y114        LUT3 (Prop_lut3_I1_O)        0.105     8.968 f  ExMa_reg/IdEx_addrd[4]_i_2/O
                         net (fo=223, routed)         1.082    10.050    IdEx_reg/rst010_out
    SLICE_X9Y123         FDCE                                         f  IdEx_reg/IdEx_imm_instr_reg[31]/CLR
  -------------------------------------------------------------------    -------------------

                         (clock clk rise edge)        7.500     7.500 r  
    L22                                               0.000     7.500 r  clk (IN)
                         net (fo=0)                   0.000     7.500    clk
    L22                  IBUF (Prop_ibuf_I_O)         0.762     8.262 r  clk_IBUF_inst/O
                         net (fo=1, routed)           1.734     9.996    clk_IBUF
    BUFGCTRL_X0Y0        BUFG (Prop_bufg_I_O)         0.077    10.073 r  clk_IBUF_BUFG_inst/O
                         net (fo=2508, routed)        1.377    11.450    IdEx_reg/clk_IBUF_BUFG
    SLICE_X9Y123         FDCE                                         r  IdEx_reg/IdEx_imm_instr_reg[31]/C
                         clock pessimism              0.294    11.743    
                         clock uncertainty           -0.035    11.708    
    SLICE_X9Y123         FDCE (Recov_fdce_C_CLR)     -0.331    11.377    IdEx_reg/IdEx_imm_instr_reg[31]
  -------------------------------------------------------------------
                         required time                         11.377    
                         arrival time                         -10.050    
  -------------------------------------------------------------------
                         slack                                  1.327    

Slack (MET) :             1.327ns  (required time - arrival time)
  Source:                 ExMa_reg/ExMa_alu_output_reg[4]/C
                            (rising edge-triggered cell FDCE clocked by clk  {rise@0.000ns fall@3.750ns period=7.500ns})
  Destination:            IdEx_reg/IdEx_imm_instr_reg[9]/CLR
                            (recovery check against rising-edge clock clk  {rise@0.000ns fall@3.750ns period=7.500ns})
  Path Group:             **async_default**
  Path Type:              Recovery (Max at Slow Process Corner)
  Requirement:            7.500ns  (clk rise@7.500ns - clk rise@0.000ns)
  Data Path Delay:        5.691ns  (logic 1.576ns (27.692%)  route 4.115ns (72.308%))
  Logic Levels:           6  (CARRY4=3 LUT3=1 LUT5=1 LUT6=1)
  Clock Path Skew:        -0.115ns (DCD - SCD + CPR)
    Destination Clock Delay (DCD):    3.950ns = ( 11.450 - 7.500 ) 
    Source Clock Delay      (SCD):    4.358ns
    Clock Pessimism Removal (CPR):    0.294ns
  Clock Uncertainty:      0.035ns  ((TSJ^2 + TIJ^2)^1/2 + DJ) / 2 + PE
    Total System Jitter     (TSJ):    0.071ns
    Total Input Jitter      (TIJ):    0.000ns
    Discrete Jitter          (DJ):    0.000ns
    Phase Error              (PE):    0.000ns

    Location             Delay type                Incr(ns)  Path(ns)    Netlist Resource(s)
  -------------------------------------------------------------------    -------------------
                         (clock clk rise edge)        0.000     0.000 r  
    L22                                               0.000     0.000 r  clk (IN)
                         net (fo=0)                   0.000     0.000    clk
    L22                  IBUF (Prop_ibuf_I_O)         0.893     0.893 r  clk_IBUF_inst/O
                         net (fo=1, routed)           1.827     2.720    clk_IBUF
    BUFGCTRL_X0Y0        BUFG (Prop_bufg_I_O)         0.081     2.801 r  clk_IBUF_BUFG_inst/O
                         net (fo=2508, routed)        1.558     4.358    ExMa_reg/clk_IBUF_BUFG
    SLICE_X5Y116         FDCE                                         r  ExMa_reg/ExMa_alu_output_reg[4]/C
  -------------------------------------------------------------------    -------------------
    SLICE_X5Y116         FDCE (Prop_fdce_C_Q)         0.379     4.737 r  ExMa_reg/ExMa_alu_output_reg[4]/Q
                         net (fo=19, routed)          1.831     6.569    ExMa_reg/ExMa_alu_output_reg[31]_0[4]
    SLICE_X20Y122        LUT6 (Prop_lut6_I0_O)        0.105     6.674 r  ExMa_reg/IfId_instr[30]_i_15/O
                         net (fo=1, routed)           0.000     6.674    ExMa_reg/IfId_instr[30]_i_15_n_0
    SLICE_X20Y122        CARRY4 (Prop_carry4_S[1]_CO[3])
                                                      0.444     7.118 r  ExMa_reg/IfId_instr_reg[30]_i_8/CO[3]
                         net (fo=1, routed)           0.000     7.118    ExMa_reg/IfId_instr_reg[30]_i_8_n_0
    SLICE_X20Y123        CARRY4 (Prop_carry4_CI_CO[3])
                                                      0.100     7.218 r  ExMa_reg/IfId_instr_reg[30]_i_4/CO[3]
                         net (fo=1, routed)           0.000     7.218    ExMa_reg/IfId_instr_reg[30]_i_4_n_0
    SLICE_X20Y124        CARRY4 (Prop_carry4_CI_CO[2])
                                                      0.191     7.409 f  ExMa_reg/IfId_instr_reg[30]_i_3/CO[2]
                         net (fo=2, routed)           0.350     7.759    ExMa_reg/flush_exma2
    SLICE_X21Y125        LUT5 (Prop_lut5_I3_O)        0.252     8.011 f  ExMa_reg/pc[31]_i_5/O
                         net (fo=41, routed)          0.852     8.863    ExMa_reg/p_9_in
    SLICE_X13Y114        LUT3 (Prop_lut3_I1_O)        0.105     8.968 f  ExMa_reg/IdEx_addrd[4]_i_2/O
                         net (fo=223, routed)         1.082    10.050    IdEx_reg/rst010_out
    SLICE_X9Y123         FDCE                                         f  IdEx_reg/IdEx_imm_instr_reg[9]/CLR
  -------------------------------------------------------------------    -------------------

                         (clock clk rise edge)        7.500     7.500 r  
    L22                                               0.000     7.500 r  clk (IN)
                         net (fo=0)                   0.000     7.500    clk
    L22                  IBUF (Prop_ibuf_I_O)         0.762     8.262 r  clk_IBUF_inst/O
                         net (fo=1, routed)           1.734     9.996    clk_IBUF
    BUFGCTRL_X0Y0        BUFG (Prop_bufg_I_O)         0.077    10.073 r  clk_IBUF_BUFG_inst/O
                         net (fo=2508, routed)        1.377    11.450    IdEx_reg/clk_IBUF_BUFG
    SLICE_X9Y123         FDCE                                         r  IdEx_reg/IdEx_imm_instr_reg[9]/C
                         clock pessimism              0.294    11.743    
                         clock uncertainty           -0.035    11.708    
    SLICE_X9Y123         FDCE (Recov_fdce_C_CLR)     -0.331    11.377    IdEx_reg/IdEx_imm_instr_reg[9]
  -------------------------------------------------------------------
                         required time                         11.377    
                         arrival time                         -10.050    
  -------------------------------------------------------------------
                         slack                                  1.327    





Min Delay Paths
--------------------------------------------------------------------------------------
Slack (MET) :             0.965ns  (arrival time - required time)
  Source:                 ExMa_reg/ExMa_pred_taken_reg/C
                            (rising edge-triggered cell FDCE clocked by clk  {rise@0.000ns fall@3.750ns period=7.500ns})
  Destination:            IfId_reg/IfId_pc_add_reg[27]/CLR
                            (removal check against rising-edge clock clk  {rise@0.000ns fall@3.750ns period=7.500ns})
  Path Group:             **async_default**
  Path Type:              Removal (Min at Fast Process Corner)
  Requirement:            0.000ns  (clk rise@0.000ns - clk rise@0.000ns)
  Data Path Delay:        0.899ns  (logic 0.209ns (23.259%)  route 0.690ns (76.741%))
  Logic Levels:           1  (LUT6=1)
  Clock Path Skew:        0.026ns (DCD - SCD - CPR)
    Destination Clock Delay (DCD):    2.039ns
    Source Clock Delay      (SCD):    1.527ns
    Clock Pessimism Removal (CPR):    0.485ns

    Location             Delay type                Incr(ns)  Path(ns)    Netlist Resource(s)
  -------------------------------------------------------------------    -------------------
                         (clock clk rise edge)        0.000     0.000 r  
    L22                                               0.000     0.000 r  clk (IN)
                         net (fo=0)                   0.000     0.000    clk
    L22                  IBUF (Prop_ibuf_I_O)         0.190     0.190 r  clk_IBUF_inst/O
                         net (fo=1, routed)           0.690     0.880    clk_IBUF
    BUFGCTRL_X0Y0        BUFG (Prop_bufg_I_O)         0.026     0.906 r  clk_IBUF_BUFG_inst/O
                         net (fo=2508, routed)        0.622     1.527    ExMa_reg/clk_IBUF_BUFG
    SLICE_X8Y116         FDCE                                         r  ExMa_reg/ExMa_pred_taken_reg/C
  -------------------------------------------------------------------    -------------------
    SLICE_X8Y116         FDCE (Prop_fdce_C_Q)         0.164     1.691 r  ExMa_reg/ExMa_pred_taken_reg/Q
                         net (fo=2, routed)           0.488     2.180    ExMa_reg/ExMa_pred_taken
    SLICE_X20Y125        LUT6 (Prop_lut6_I1_O)        0.045     2.225 f  ExMa_reg/IfId_instr[30]_i_2/O
                         net (fo=124, routed)         0.201     2.426    IfId_reg/AR[0]
    SLICE_X19Y125        FDCE                                         f  IfId_reg/IfId_pc_add_reg[27]/CLR
  -------------------------------------------------------------------    -------------------

                         (clock clk rise edge)        0.000     0.000 r  
    L22                                               0.000     0.000 r  clk (IN)
                         net (fo=0)                   0.000     0.000    clk
    L22                  IBUF (Prop_ibuf_I_O)         0.378     0.378 r  clk_IBUF_inst/O
                         net (fo=1, routed)           0.750     1.128    clk_IBUF
    BUFGCTRL_X0Y0        BUFG (Prop_bufg_I_O)         0.029     1.157 r  clk_IBUF_BUFG_inst/O
                         net (fo=2508, routed)        0.882     2.039    IfId_reg/clk_IBUF_BUFG
    SLICE_X19Y125        FDCE                                         r  IfId_reg/IfId_pc_add_reg[27]/C
                         clock pessimism             -0.485     1.553    
    SLICE_X19Y125        FDCE (Remov_fdce_C_CLR)     -0.092     1.461    IfId_reg/IfId_pc_add_reg[27]
  -------------------------------------------------------------------
                         required time                         -1.461    
                         arrival time                           2.426    
  -------------------------------------------------------------------
                         slack                                  0.965    

Slack (MET) :             0.965ns  (arrival time - required time)
  Source:                 ExMa_reg/ExMa_pred_taken_reg/C
                            (rising edge-triggered cell FDCE clocked by clk  {rise@0.000ns fall@3.750ns period=7.500ns})
  Destination:            IfId_reg/IfId_pc_add_reg[28]/CLR
                            (removal check against rising-edge clock clk  {rise@0.000ns fall@3.750ns period=7.500ns})
  Path Group:             **async_default**
  Path Type:              Removal (Min at Fast Process Corner)
  Requirement:            0.000ns  (clk rise@0.000ns - clk rise@0.000ns)
  Data Path Delay:        0.899ns  (logic 0.209ns (23.259%)  route 0.690ns (76.741%))
  Logic Levels:           1  (LUT6=1)
  Clock Path Skew:        0.026ns (DCD - SCD - CPR)
    Destination Clock Delay (DCD):    2.039ns
    Source Clock Delay      (SCD):    1.527ns
    Clock Pessimism Removal (CPR):    0.485ns

    Location             Delay type                Incr(ns)  Path(ns)    Netlist Resource(s)
  -------------------------------------------------------------------    -------------------
                         (clock clk rise edge)        0.000     0.000 r  
    L22                                               0.000     0.000 r  clk (IN)
                         net (fo=0)                   0.000     0.000    clk
    L22                  IBUF (Prop_ibuf_I_O)         0.190     0.190 r  clk_IBUF_inst/O
                         net (fo=1, routed)           0.690     0.880    clk_IBUF
    BUFGCTRL_X0Y0        BUFG (Prop_bufg_I_O)         0.026     0.906 r  clk_IBUF_BUFG_inst/O
                         net (fo=2508, routed)        0.622     1.527    ExMa_reg/clk_IBUF_BUFG
    SLICE_X8Y116         FDCE                                         r  ExMa_reg/ExMa_pred_taken_reg/C
  -------------------------------------------------------------------    -------------------
    SLICE_X8Y116         FDCE (Prop_fdce_C_Q)         0.164     1.691 r  ExMa_reg/ExMa_pred_taken_reg/Q
                         net (fo=2, routed)           0.488     2.180    ExMa_reg/ExMa_pred_taken
    SLICE_X20Y125        LUT6 (Prop_lut6_I1_O)        0.045     2.225 f  ExMa_reg/IfId_instr[30]_i_2/O
                         net (fo=124, routed)         0.201     2.426    IfId_reg/AR[0]
    SLICE_X19Y125        FDCE                                         f  IfId_reg/IfId_pc_add_reg[28]/CLR
  -------------------------------------------------------------------    -------------------

                         (clock clk rise edge)        0.000     0.000 r  
    L22                                               0.000     0.000 r  clk (IN)
                         net (fo=0)                   0.000     0.000    clk
    L22                  IBUF (Prop_ibuf_I_O)         0.378     0.378 r  clk_IBUF_inst/O
                         net (fo=1, routed)           0.750     1.128    clk_IBUF
    BUFGCTRL_X0Y0        BUFG (Prop_bufg_I_O)         0.029     1.157 r  clk_IBUF_BUFG_inst/O
                         net (fo=2508, routed)        0.882     2.039    IfId_reg/clk_IBUF_BUFG
    SLICE_X19Y125        FDCE                                         r  IfId_reg/IfId_pc_add_reg[28]/C
                         clock pessimism             -0.485     1.553    
    SLICE_X19Y125        FDCE (Remov_fdce_C_CLR)     -0.092     1.461    IfId_reg/IfId_pc_add_reg[28]
  -------------------------------------------------------------------
                         required time                         -1.461    
                         arrival time                           2.426    
  -------------------------------------------------------------------
                         slack                                  0.965    

Slack (MET) :             0.965ns  (arrival time - required time)
  Source:                 ExMa_reg/ExMa_pred_taken_reg/C
                            (rising edge-triggered cell FDCE clocked by clk  {rise@0.000ns fall@3.750ns period=7.500ns})
  Destination:            IfId_reg/IfId_pc_add_reg[29]/CLR
                            (removal check against rising-edge clock clk  {rise@0.000ns fall@3.750ns period=7.500ns})
  Path Group:             **async_default**
  Path Type:              Removal (Min at Fast Process Corner)
  Requirement:            0.000ns  (clk rise@0.000ns - clk rise@0.000ns)
  Data Path Delay:        0.899ns  (logic 0.209ns (23.259%)  route 0.690ns (76.741%))
  Logic Levels:           1  (LUT6=1)
  Clock Path Skew:        0.026ns (DCD - SCD - CPR)
    Destination Clock Delay (DCD):    2.039ns
    Source Clock Delay      (SCD):    1.527ns
    Clock Pessimism Removal (CPR):    0.485ns

    Location             Delay type                Incr(ns)  Path(ns)    Netlist Resource(s)
  -------------------------------------------------------------------    -------------------
                         (clock clk rise edge)        0.000     0.000 r  
    L22                                               0.000     0.000 r  clk (IN)
                         net (fo=0)                   0.000     0.000    clk
    L22                  IBUF (Prop_ibuf_I_O)         0.190     0.190 r  clk_IBUF_inst/O
                         net (fo=1, routed)           0.690     0.880    clk_IBUF
    BUFGCTRL_X0Y0        BUFG (Prop_bufg_I_O)         0.026     0.906 r  clk_IBUF_BUFG_inst/O
                         net (fo=2508, routed)        0.622     1.527    ExMa_reg/clk_IBUF_BUFG
    SLICE_X8Y116         FDCE                                         r  ExMa_reg/ExMa_pred_taken_reg/C
  -------------------------------------------------------------------    -------------------
    SLICE_X8Y116         FDCE (Prop_fdce_C_Q)         0.164     1.691 r  ExMa_reg/ExMa_pred_taken_reg/Q
                         net (fo=2, routed)           0.488     2.180    ExMa_reg/ExMa_pred_taken
    SLICE_X20Y125        LUT6 (Prop_lut6_I1_O)        0.045     2.225 f  ExMa_reg/IfId_instr[30]_i_2/O
                         net (fo=124, routed)         0.201     2.426    IfId_reg/AR[0]
    SLICE_X19Y125        FDCE                                         f  IfId_reg/IfId_pc_add_reg[29]/CLR
  -------------------------------------------------------------------    -------------------

                         (clock clk rise edge)        0.000     0.000 r  
    L22                                               0.000     0.000 r  clk (IN)
                         net (fo=0)                   0.000     0.000    clk
    L22                  IBUF (Prop_ibuf_I_O)         0.378     0.378 r  clk_IBUF_inst/O
                         net (fo=1, routed)           0.750     1.128    clk_IBUF
    BUFGCTRL_X0Y0        BUFG (Prop_bufg_I_O)         0.029     1.157 r  clk_IBUF_BUFG_inst/O
                         net (fo=2508, routed)        0.882     2.039    IfId_reg/clk_IBUF_BUFG
    SLICE_X19Y125        FDCE                                         r  IfId_reg/IfId_pc_add_reg[29]/C
                         clock pessimism             -0.485     1.553    
    SLICE_X19Y125        FDCE (Remov_fdce_C_CLR)     -0.092     1.461    IfId_reg/IfId_pc_add_reg[29]
  -------------------------------------------------------------------
                         required time                         -1.461    
                         arrival time                           2.426    
  -------------------------------------------------------------------
                         slack                                  0.965    

Slack (MET) :             0.965ns  (arrival time - required time)
  Source:                 ExMa_reg/ExMa_pred_taken_reg/C
                            (rising edge-triggered cell FDCE clocked by clk  {rise@0.000ns fall@3.750ns period=7.500ns})
  Destination:            IfId_reg/IfId_pc_add_reg[30]/CLR
                            (removal check against rising-edge clock clk  {rise@0.000ns fall@3.750ns period=7.500ns})
  Path Group:             **async_default**
  Path Type:              Removal (Min at Fast Process Corner)
  Requirement:            0.000ns  (clk rise@0.000ns - clk rise@0.000ns)
  Data Path Delay:        0.899ns  (logic 0.209ns (23.259%)  route 0.690ns (76.741%))
  Logic Levels:           1  (LUT6=1)
  Clock Path Skew:        0.026ns (DCD - SCD - CPR)
    Destination Clock Delay (DCD):    2.039ns
    Source Clock Delay      (SCD):    1.527ns
    Clock Pessimism Removal (CPR):    0.485ns

    Location             Delay type                Incr(ns)  Path(ns)    Netlist Resource(s)
  -------------------------------------------------------------------    -------------------
                         (clock clk rise edge)        0.000     0.000 r  
    L22                                               0.000     0.000 r  clk (IN)
                         net (fo=0)                   0.000     0.000    clk
    L22                  IBUF (Prop_ibuf_I_O)         0.190     0.190 r  clk_IBUF_inst/O
                         net (fo=1, routed)           0.690     0.880    clk_IBUF
    BUFGCTRL_X0Y0        BUFG (Prop_bufg_I_O)         0.026     0.906 r  clk_IBUF_BUFG_inst/O
                         net (fo=2508, routed)        0.622     1.527    ExMa_reg/clk_IBUF_BUFG
    SLICE_X8Y116         FDCE                                         r  ExMa_reg/ExMa_pred_taken_reg/C
  -------------------------------------------------------------------    -------------------
    SLICE_X8Y116         FDCE (Prop_fdce_C_Q)         0.164     1.691 r  ExMa_reg/ExMa_pred_taken_reg/Q
                         net (fo=2, routed)           0.488     2.180    ExMa_reg/ExMa_pred_taken
    SLICE_X20Y125        LUT6 (Prop_lut6_I1_O)        0.045     2.225 f  ExMa_reg/IfId_instr[30]_i_2/O
                         net (fo=124, routed)         0.201     2.426    IfId_reg/AR[0]
    SLICE_X19Y125        FDCE                                         f  IfId_reg/IfId_pc_add_reg[30]/CLR
  -------------------------------------------------------------------    -------------------

                         (clock clk rise edge)        0.000     0.000 r  
    L22                                               0.000     0.000 r  clk (IN)
                         net (fo=0)                   0.000     0.000    clk
    L22                  IBUF (Prop_ibuf_I_O)         0.378     0.378 r  clk_IBUF_inst/O
                         net (fo=1, routed)           0.750     1.128    clk_IBUF
    BUFGCTRL_X0Y0        BUFG (Prop_bufg_I_O)         0.029     1.157 r  clk_IBUF_BUFG_inst/O
                         net (fo=2508, routed)        0.882     2.039    IfId_reg/clk_IBUF_BUFG
    SLICE_X19Y125        FDCE                                         r  IfId_reg/IfId_pc_add_reg[30]/C
                         clock pessimism             -0.485     1.553    
    SLICE_X19Y125        FDCE (Remov_fdce_C_CLR)     -0.092     1.461    IfId_reg/IfId_pc_add_reg[30]
  -------------------------------------------------------------------
                         required time                         -1.461    
                         arrival time                           2.426    
  -------------------------------------------------------------------
                         slack                                  0.965    

Slack (MET) :             1.042ns  (arrival time - required time)
  Source:                 ExMa_reg/ExMa_pred_taken_reg/C
                            (rising edge-triggered cell FDCE clocked by clk  {rise@0.000ns fall@3.750ns period=7.500ns})
  Destination:            IfId_reg/IfId_pred_target_reg[13]/CLR
                            (removal check against rising-edge clock clk  {rise@0.000ns fall@3.750ns period=7.500ns})
  Path Group:             **async_default**
  Path Type:              Removal (Min at Fast Process Corner)
  Requirement:            0.000ns  (clk rise@0.000ns - clk rise@0.000ns)
  Data Path Delay:        0.976ns  (logic 0.209ns (21.403%)  route 0.767ns (78.597%))
  Logic Levels:           1  (LUT6=1)
  Clock Path Skew:        0.026ns (DCD - SCD - CPR)
    Destination Clock Delay (DCD):    2.039ns
    Source Clock Delay      (SCD):    1.527ns
    Clock Pessimism Removal (CPR):    0.485ns

    Location             Delay type                Incr(ns)  Path(ns)    Netlist Resource(s)
  -------------------------------------------------------------------    -------------------
                         (clock clk rise edge)        0.000     0.000 r  
    L22                                               0.000     0.000 r  clk (IN)
                         net (fo=0)                   0.000     0.000    clk
    L22                  IBUF (Prop_ibuf_I_O)         0.190     0.190 r  clk_IBUF_inst/O
                         net (fo=1, routed)           0.690     0.880    clk_IBUF
    BUFGCTRL_X0Y0        BUFG (Prop_bufg_I_O)         0.026     0.906 r  clk_IBUF_BUFG_inst/O
                         net (fo=2508, routed)        0.622     1.527    ExMa_reg/clk_IBUF_BUFG
    SLICE_X8Y116         FDCE                                         r  ExMa_reg/ExMa_pred_taken_reg/C
  -------------------------------------------------------------------    -------------------
    SLICE_X8Y116         FDCE (Prop_fdce_C_Q)         0.164     1.691 r  ExMa_reg/ExMa_pred_taken_reg/Q
                         net (fo=2, routed)           0.488     2.180    ExMa_reg/ExMa_pred_taken
    SLICE_X20Y125        LUT6 (Prop_lut6_I1_O)        0.045     2.225 f  ExMa_reg/IfId_instr[30]_i_2/O
                         net (fo=124, routed)         0.279     2.504    IfId_reg/AR[0]
    SLICE_X17Y124        FDCE                                         f  IfId_reg/IfId_pred_target_reg[13]/CLR
  -------------------------------------------------------------------    -------------------

                         (clock clk rise edge)        0.000     0.000 r  
    L22                                               0.000     0.000 r  clk (IN)
                         net (fo=0)                   0.000     0.000    clk
    L22                  IBUF (Prop_ibuf_I_O)         0.378     0.378 r  clk_IBUF_inst/O
                         net (fo=1, routed)           0.750     1.128    clk_IBUF
    BUFGCTRL_X0Y0        BUFG (Prop_bufg_I_O)         0.029     1.157 r  clk_IBUF_BUFG_inst/O
                         net (fo=2508, routed)        0.882     2.039    IfId_reg/clk_IBUF_BUFG
    SLICE_X17Y124        FDCE                                         r  IfId_reg/IfId_pred_target_reg[13]/C
                         clock pessimism             -0.485     1.553    
    SLICE_X17Y124        FDCE (Remov_fdce_C_CLR)     -0.092     1.461    IfId_reg/IfId_pred_target_reg[13]
  -------------------------------------------------------------------
                         required time                         -1.461    
                         arrival time                           2.504    
  -------------------------------------------------------------------
                         slack                                  1.042    

Slack (MET) :             1.062ns  (arrival time - required time)
  Source:                 ExMa_reg/ExMa_pred_taken_reg/C
                            (rising edge-triggered cell FDCE clocked by clk  {rise@0.000ns fall@3.750ns period=7.500ns})
  Destination:            IfId_reg/IfId_pc_add_reg[23]/CLR
                            (removal check against rising-edge clock clk  {rise@0.000ns fall@3.750ns period=7.500ns})
  Path Group:             **async_default**
  Path Type:              Removal (Min at Fast Process Corner)
  Requirement:            0.000ns  (clk rise@0.000ns - clk rise@0.000ns)
  Data Path Delay:        0.996ns  (logic 0.209ns (20.977%)  route 0.787ns (79.023%))
  Logic Levels:           1  (LUT6=1)
  Clock Path Skew:        0.026ns (DCD - SCD - CPR)
    Destination Clock Delay (DCD):    2.039ns
    Source Clock Delay      (SCD):    1.527ns
    Clock Pessimism Removal (CPR):    0.485ns

    Location             Delay type                Incr(ns)  Path(ns)    Netlist Resource(s)
  -------------------------------------------------------------------    -------------------
                         (clock clk rise edge)        0.000     0.000 r  
    L22                                               0.000     0.000 r  clk (IN)
                         net (fo=0)                   0.000     0.000    clk
    L22                  IBUF (Prop_ibuf_I_O)         0.190     0.190 r  clk_IBUF_inst/O
                         net (fo=1, routed)           0.690     0.880    clk_IBUF
    BUFGCTRL_X0Y0        BUFG (Prop_bufg_I_O)         0.026     0.906 r  clk_IBUF_BUFG_inst/O
                         net (fo=2508, routed)        0.622     1.527    ExMa_reg/clk_IBUF_BUFG
    SLICE_X8Y116         FDCE                                         r  ExMa_reg/ExMa_pred_taken_reg/C
  -------------------------------------------------------------------    -------------------
    SLICE_X8Y116         FDCE (Prop_fdce_C_Q)         0.164     1.691 r  ExMa_reg/ExMa_pred_taken_reg/Q
                         net (fo=2, routed)           0.488     2.180    ExMa_reg/ExMa_pred_taken
    SLICE_X20Y125        LUT6 (Prop_lut6_I1_O)        0.045     2.225 f  ExMa_reg/IfId_instr[30]_i_2/O
                         net (fo=124, routed)         0.299     2.524    IfId_reg/AR[0]
    SLICE_X19Y124        FDCE                                         f  IfId_reg/IfId_pc_add_reg[23]/CLR
  -------------------------------------------------------------------    -------------------

                         (clock clk rise edge)        0.000     0.000 r  
    L22                                               0.000     0.000 r  clk (IN)
                         net (fo=0)                   0.000     0.000    clk
    L22                  IBUF (Prop_ibuf_I_O)         0.378     0.378 r  clk_IBUF_inst/O
                         net (fo=1, routed)           0.750     1.128    clk_IBUF
    BUFGCTRL_X0Y0        BUFG (Prop_bufg_I_O)         0.029     1.157 r  clk_IBUF_BUFG_inst/O
                         net (fo=2508, routed)        0.882     2.039    IfId_reg/clk_IBUF_BUFG
    SLICE_X19Y124        FDCE                                         r  IfId_reg/IfId_pc_add_reg[23]/C
                         clock pessimism             -0.485     1.553    
    SLICE_X19Y124        FDCE (Remov_fdce_C_CLR)     -0.092     1.461    IfId_reg/IfId_pc_add_reg[23]
  -------------------------------------------------------------------
                         required time                         -1.461    
                         arrival time                           2.524    
  -------------------------------------------------------------------
                         slack                                  1.062    

Slack (MET) :             1.062ns  (arrival time - required time)
  Source:                 ExMa_reg/ExMa_pred_taken_reg/C
                            (rising edge-triggered cell FDCE clocked by clk  {rise@0.000ns fall@3.750ns period=7.500ns})
  Destination:            IfId_reg/IfId_pc_add_reg[24]/CLR
                            (removal check against rising-edge clock clk  {rise@0.000ns fall@3.750ns period=7.500ns})
  Path Group:             **async_default**
  Path Type:              Removal (Min at Fast Process Corner)
  Requirement:            0.000ns  (clk rise@0.000ns - clk rise@0.000ns)
  Data Path Delay:        0.996ns  (logic 0.209ns (20.977%)  route 0.787ns (79.023%))
  Logic Levels:           1  (LUT6=1)
  Clock Path Skew:        0.026ns (DCD - SCD - CPR)
    Destination Clock Delay (DCD):    2.039ns
    Source Clock Delay      (SCD):    1.527ns
    Clock Pessimism Removal (CPR):    0.485ns

    Location             Delay type                Incr(ns)  Path(ns)    Netlist Resource(s)
  -------------------------------------------------------------------    -------------------
                         (clock clk rise edge)        0.000     0.000 r  
    L22                                               0.000     0.000 r  clk (IN)
                         net (fo=0)                   0.000     0.000    clk
    L22                  IBUF (Prop_ibuf_I_O)         0.190     0.190 r  clk_IBUF_inst/O
                         net (fo=1, routed)           0.690     0.880    clk_IBUF
    BUFGCTRL_X0Y0        BUFG (Prop_bufg_I_O)         0.026     0.906 r  clk_IBUF_BUFG_inst/O
                         net (fo=2508, routed)        0.622     1.527    ExMa_reg/clk_IBUF_BUFG
    SLICE_X8Y116         FDCE                                         r  ExMa_reg/ExMa_pred_taken_reg/C
  -------------------------------------------------------------------    -------------------
    SLICE_X8Y116         FDCE (Prop_fdce_C_Q)         0.164     1.691 r  ExMa_reg/ExMa_pred_taken_reg/Q
                         net (fo=2, routed)           0.488     2.180    ExMa_reg/ExMa_pred_taken
    SLICE_X20Y125        LUT6 (Prop_lut6_I1_O)        0.045     2.225 f  ExMa_reg/IfId_instr[30]_i_2/O
                         net (fo=124, routed)         0.299     2.524    IfId_reg/AR[0]
    SLICE_X19Y124        FDCE                                         f  IfId_reg/IfId_pc_add_reg[24]/CLR
  -------------------------------------------------------------------    -------------------

                         (clock clk rise edge)        0.000     0.000 r  
    L22                                               0.000     0.000 r  clk (IN)
                         net (fo=0)                   0.000     0.000    clk
    L22                  IBUF (Prop_ibuf_I_O)         0.378     0.378 r  clk_IBUF_inst/O
                         net (fo=1, routed)           0.750     1.128    clk_IBUF
    BUFGCTRL_X0Y0        BUFG (Prop_bufg_I_O)         0.029     1.157 r  clk_IBUF_BUFG_inst/O
                         net (fo=2508, routed)        0.882     2.039    IfId_reg/clk_IBUF_BUFG
    SLICE_X19Y124        FDCE                                         r  IfId_reg/IfId_pc_add_reg[24]/C
                         clock pessimism             -0.485     1.553    
    SLICE_X19Y124        FDCE (Remov_fdce_C_CLR)     -0.092     1.461    IfId_reg/IfId_pc_add_reg[24]
  -------------------------------------------------------------------
                         required time                         -1.461    
                         arrival time                           2.524    
  -------------------------------------------------------------------
                         slack                                  1.062    

Slack (MET) :             1.062ns  (arrival time - required time)
  Source:                 ExMa_reg/ExMa_pred_taken_reg/C
                            (rising edge-triggered cell FDCE clocked by clk  {rise@0.000ns fall@3.750ns period=7.500ns})
  Destination:            IfId_reg/IfId_pc_add_reg[25]/CLR
                            (removal check against rising-edge clock clk  {rise@0.000ns fall@3.750ns period=7.500ns})
  Path Group:             **async_default**
  Path Type:              Removal (Min at Fast Process Corner)
  Requirement:            0.000ns  (clk rise@0.000ns - clk rise@0.000ns)
  Data Path Delay:        0.996ns  (logic 0.209ns (20.977%)  route 0.787ns (79.023%))
  Logic Levels:           1  (LUT6=1)
  Clock Path Skew:        0.026ns (DCD - SCD - CPR)
    Destination Clock Delay (DCD):    2.039ns
    Source Clock Delay      (SCD):    1.527ns
    Clock Pessimism Removal (CPR):    0.485ns

    Location             Delay type                Incr(ns)  Path(ns)    Netlist Resource(s)
  -------------------------------------------------------------------    -------------------
                         (clock clk rise edge)        0.000     0.000 r  
    L22                                               0.000     0.000 r  clk (IN)
                         net (fo=0)                   0.000     0.000    clk
    L22                  IBUF (Prop_ibuf_I_O)         0.190     0.190 r  clk_IBUF_inst/O
                         net (fo=1, routed)           0.690     0.880    clk_IBUF
    BUFGCTRL_X0Y0        BUFG (Prop_bufg_I_O)         0.026     0.906 r  clk_IBUF_BUFG_inst/O
                         net (fo=2508, routed)        0.622     1.527    ExMa_reg/clk_IBUF_BUFG
    SLICE_X8Y116         FDCE                                         r  ExMa_reg/ExMa_pred_taken_reg/C
  -------------------------------------------------------------------    -------------------
    SLICE_X8Y116         FDCE (Prop_fdce_C_Q)         0.164     1.691 r  ExMa_reg/ExMa_pred_taken_reg/Q
                         net (fo=2, routed)           0.488     2.180    ExMa_reg/ExMa_pred_taken
    SLICE_X20Y125        LUT6 (Prop_lut6_I1_O)        0.045     2.225 f  ExMa_reg/IfId_instr[30]_i_2/O
                         net (fo=124, routed)         0.299     2.524    IfId_reg/AR[0]
    SLICE_X19Y124        FDCE                                         f  IfId_reg/IfId_pc_add_reg[25]/CLR
  -------------------------------------------------------------------    -------------------

                         (clock clk rise edge)        0.000     0.000 r  
    L22                                               0.000     0.000 r  clk (IN)
                         net (fo=0)                   0.000     0.000    clk
    L22                  IBUF (Prop_ibuf_I_O)         0.378     0.378 r  clk_IBUF_inst/O
                         net (fo=1, routed)           0.750     1.128    clk_IBUF
    BUFGCTRL_X0Y0        BUFG (Prop_bufg_I_O)         0.029     1.157 r  clk_IBUF_BUFG_inst/O
                         net (fo=2508, routed)        0.882     2.039    IfId_reg/clk_IBUF_BUFG
    SLICE_X19Y124        FDCE                                         r  IfId_reg/IfId_pc_add_reg[25]/C
                         clock pessimism             -0.485     1.553    
    SLICE_X19Y124        FDCE (Remov_fdce_C_CLR)     -0.092     1.461    IfId_reg/IfId_pc_add_reg[25]
  -------------------------------------------------------------------
                         required time                         -1.461    
                         arrival time                           2.524    
  -------------------------------------------------------------------
                         slack                                  1.062    

Slack (MET) :             1.062ns  (arrival time - required time)
  Source:                 ExMa_reg/ExMa_pred_taken_reg/C
                            (rising edge-triggered cell FDCE clocked by clk  {rise@0.000ns fall@3.750ns period=7.500ns})
  Destination:            IfId_reg/IfId_pc_add_reg[26]/CLR
                            (removal check against rising-edge clock clk  {rise@0.000ns fall@3.750ns period=7.500ns})
  Path Group:             **async_default**
  Path Type:              Removal (Min at Fast Process Corner)
  Requirement:            0.000ns  (clk rise@0.000ns - clk rise@0.000ns)
  Data Path Delay:        0.996ns  (logic 0.209ns (20.977%)  route 0.787ns (79.023%))
  Logic Levels:           1  (LUT6=1)
  Clock Path Skew:        0.026ns (DCD - SCD - CPR)
    Destination Clock Delay (DCD):    2.039ns
    Source Clock Delay      (SCD):    1.527ns
    Clock Pessimism Removal (CPR):    0.485ns

    Location             Delay type                Incr(ns)  Path(ns)    Netlist Resource(s)
  -------------------------------------------------------------------    -------------------
                         (clock clk rise edge)        0.000     0.000 r  
    L22                                               0.000     0.000 r  clk (IN)
                         net (fo=0)                   0.000     0.000    clk
    L22                  IBUF (Prop_ibuf_I_O)         0.190     0.190 r  clk_IBUF_inst/O
                         net (fo=1, routed)           0.690     0.880    clk_IBUF
    BUFGCTRL_X0Y0        BUFG (Prop_bufg_I_O)         0.026     0.906 r  clk_IBUF_BUFG_inst/O
                         net (fo=2508, routed)        0.622     1.527    ExMa_reg/clk_IBUF_BUFG
    SLICE_X8Y116         FDCE                                         r  ExMa_reg/ExMa_pred_taken_reg/C
  -------------------------------------------------------------------    -------------------
    SLICE_X8Y116         FDCE (Prop_fdce_C_Q)         0.164     1.691 r  ExMa_reg/ExMa_pred_taken_reg/Q
                         net (fo=2, routed)           0.488     2.180    ExMa_reg/ExMa_pred_taken
    SLICE_X20Y125        LUT6 (Prop_lut6_I1_O)        0.045     2.225 f  ExMa_reg/IfId_instr[30]_i_2/O
                         net (fo=124, routed)         0.299     2.524    IfId_reg/AR[0]
    SLICE_X19Y124        FDCE                                         f  IfId_reg/IfId_pc_add_reg[26]/CLR
  -------------------------------------------------------------------    -------------------

                         (clock clk rise edge)        0.000     0.000 r  
    L22                                               0.000     0.000 r  clk (IN)
                         net (fo=0)                   0.000     0.000    clk
    L22                  IBUF (Prop_ibuf_I_O)         0.378     0.378 r  clk_IBUF_inst/O
                         net (fo=1, routed)           0.750     1.128    clk_IBUF
    BUFGCTRL_X0Y0        BUFG (Prop_bufg_I_O)         0.029     1.157 r  clk_IBUF_BUFG_inst/O
                         net (fo=2508, routed)        0.882     2.039    IfId_reg/clk_IBUF_BUFG
    SLICE_X19Y124        FDCE                                         r  IfId_reg/IfId_pc_add_reg[26]/C
                         clock pessimism             -0.485     1.553    
    SLICE_X19Y124        FDCE (Remov_fdce_C_CLR)     -0.092     1.461    IfId_reg/IfId_pc_add_reg[26]
  -------------------------------------------------------------------
                         required time                         -1.461    
                         arrival time                           2.524    
  -------------------------------------------------------------------
                         slack                                  1.062    

Slack (MET) :             1.076ns  (arrival time - required time)
  Source:                 ExMa_reg/ExMa_pred_taken_reg/C
                            (rising edge-triggered cell FDCE clocked by clk  {rise@0.000ns fall@3.750ns period=7.500ns})
  Destination:            IfId_reg/IfId_pc_add_reg[31]/CLR
                            (removal check against rising-edge clock clk  {rise@0.000ns fall@3.750ns period=7.500ns})
  Path Group:             **async_default**
  Path Type:              Removal (Min at Fast Process Corner)
  Requirement:            0.000ns  (clk rise@0.000ns - clk rise@0.000ns)
  Data Path Delay:        1.011ns  (logic 0.209ns (20.671%)  route 0.802ns (79.329%))
  Logic Levels:           1  (LUT6=1)
  Clock Path Skew:        0.027ns (DCD - SCD - CPR)
    Destination Clock Delay (DCD):    2.040ns
    Source Clock Delay      (SCD):    1.527ns
    Clock Pessimism Removal (CPR):    0.485ns

    Location             Delay type                Incr(ns)  Path(ns)    Netlist Resource(s)
  -------------------------------------------------------------------    -------------------
                         (clock clk rise edge)        0.000     0.000 r  
    L22                                               0.000     0.000 r  clk (IN)
                         net (fo=0)                   0.000     0.000    clk
    L22                  IBUF (Prop_ibuf_I_O)         0.190     0.190 r  clk_IBUF_inst/O
                         net (fo=1, routed)           0.690     0.880    clk_IBUF
    BUFGCTRL_X0Y0        BUFG (Prop_bufg_I_O)         0.026     0.906 r  clk_IBUF_BUFG_inst/O
                         net (fo=2508, routed)        0.622     1.527    ExMa_reg/clk_IBUF_BUFG
    SLICE_X8Y116         FDCE                                         r  ExMa_reg/ExMa_pred_taken_reg/C
  -------------------------------------------------------------------    -------------------
    SLICE_X8Y116         FDCE (Prop_fdce_C_Q)         0.164     1.691 r  ExMa_reg/ExMa_pred_taken_reg/Q
                         net (fo=2, routed)           0.488     2.180    ExMa_reg/ExMa_pred_taken
    SLICE_X20Y125        LUT6 (Prop_lut6_I1_O)        0.045     2.225 f  ExMa_reg/IfId_instr[30]_i_2/O
                         net (fo=124, routed)         0.314     2.538    IfId_reg/AR[0]
    SLICE_X19Y126        FDCE                                         f  IfId_reg/IfId_pc_add_reg[31]/CLR
  -------------------------------------------------------------------    -------------------

                         (clock clk rise edge)        0.000     0.000 r  
    L22                                               0.000     0.000 r  clk (IN)
                         net (fo=0)                   0.000     0.000    clk
    L22                  IBUF (Prop_ibuf_I_O)         0.378     0.378 r  clk_IBUF_inst/O
                         net (fo=1, routed)           0.750     1.128    clk_IBUF
    BUFGCTRL_X0Y0        BUFG (Prop_bufg_I_O)         0.029     1.157 r  clk_IBUF_BUFG_inst/O
                         net (fo=2508, routed)        0.883     2.040    IfId_reg/clk_IBUF_BUFG
    SLICE_X19Y126        FDCE                                         r  IfId_reg/IfId_pc_add_reg[31]/C
                         clock pessimism             -0.485     1.554    
    SLICE_X19Y126        FDCE (Remov_fdce_C_CLR)     -0.092     1.462    IfId_reg/IfId_pc_add_reg[31]
  -------------------------------------------------------------------
                         required time                         -1.462    
                         arrival time                           2.538    
  -------------------------------------------------------------------
                         slack                                  1.076    





--------------------------------------------------------------------------------------
Path Group:  (none)
From Clock:  clk
  To Clock:  

Max Delay            32 Endpoints
Min Delay            32 Endpoints
--------------------------------------------------------------------------------------


Max Delay Paths
--------------------------------------------------------------------------------------
Slack:                    inf
  Source:                 MaWb_reg/MaWb_datar_reg[5]/C
                            (rising edge-triggered cell FDCE clocked by clk  {rise@0.000ns fall@3.750ns period=7.500ns})
  Destination:            rout[5]
                            (output port)
  Path Group:             (none)
  Path Type:              Max at Slow Process Corner
  Data Path Delay:        6.438ns  (logic 2.875ns (44.666%)  route 3.562ns (55.334%))
  Logic Levels:           2  (LUT5=1 OBUF=1)
  Clock Uncertainty:      0.025ns  ((TSJ^2 + TIJ^2)^1/2 + DJ) / 2 + PE
    Total System Jitter     (TSJ):    0.050ns
    Total Input Jitter      (TIJ):    0.000ns
    Discrete Jitter          (DJ):    0.000ns
    Phase Error              (PE):    0.000ns

    Location             Delay type                Incr(ns)  Path(ns)    Netlist Resource(s)
  -------------------------------------------------------------------    -------------------
                         (clock clk rise edge)        0.000     0.000 r  
    L22                                               0.000     0.000 r  clk (IN)
                         net (fo=0)                   0.000     0.000    clk
    L22                  IBUF (Prop_ibuf_I_O)         0.893     0.893 r  clk_IBUF_inst/O
                         net (fo=1, routed)           1.827     2.720    clk_IBUF
    BUFGCTRL_X0Y0        BUFG (Prop_bufg_I_O)         0.081     2.801 r  clk_IBUF_BUFG_inst/O
                         net (fo=2508, routed)        1.491     4.291    MaWb_reg/clk_IBUF_BUFG
    SLICE_X21Y115        FDCE                                         r  MaWb_reg/MaWb_datar_reg[5]/C
  -------------------------------------------------------------------    -------------------
    SLICE_X21Y115        FDCE (Prop_fdce_C_Q)         0.379     4.670 r  MaWb_reg/MaWb_datar_reg[5]/Q
                         net (fo=1, routed)           0.940     5.610    writeback/ExMa_datab_reg[31]_0[5]
    SLICE_X15Y113        LUT5 (Prop_lut5_I2_O)        0.105     5.715 r  writeback/rout_OBUF[5]_inst_i_1/O
                         net (fo=8, routed)           2.622     8.338    rout_OBUF[5]
    P26                  OBUF (Prop_obuf_I_O)         2.391    10.729 r  rout_OBUF[5]_inst/O
                         net (fo=0)                   0.000    10.729    rout[5]
    P26                                                               r  rout[5] (OUT)
  -------------------------------------------------------------------    -------------------

Slack:                    inf
  Source:                 MaWb_reg/MaWb_wbsel_reg[0]/C
                            (rising edge-triggered cell FDCE clocked by clk  {rise@0.000ns fall@3.750ns period=7.500ns})
  Destination:            rout[8]
                            (output port)
  Path Group:             (none)
  Path Type:              Max at Slow Process Corner
  Data Path Delay:        6.335ns  (logic 2.868ns (45.266%)  route 3.467ns (54.734%))
  Logic Levels:           2  (LUT5=1 OBUF=1)
  Clock Uncertainty:      0.025ns  ((TSJ^2 + TIJ^2)^1/2 + DJ) / 2 + PE
    Total System Jitter     (TSJ):    0.050ns
    Total Input Jitter      (TIJ):    0.000ns
    Discrete Jitter          (DJ):    0.000ns
    Phase Error              (PE):    0.000ns

    Location             Delay type                Incr(ns)  Path(ns)    Netlist Resource(s)
  -------------------------------------------------------------------    -------------------
                         (clock clk rise edge)        0.000     0.000 r  
    L22                                               0.000     0.000 r  clk (IN)
                         net (fo=0)                   0.000     0.000    clk
    L22                  IBUF (Prop_ibuf_I_O)         0.893     0.893 r  clk_IBUF_inst/O
                         net (fo=1, routed)           1.827     2.720    clk_IBUF
    BUFGCTRL_X0Y0        BUFG (Prop_bufg_I_O)         0.081     2.801 r  clk_IBUF_BUFG_inst/O
                         net (fo=2508, routed)        1.492     4.292    MaWb_reg/clk_IBUF_BUFG
    SLICE_X13Y116        FDCE                                         r  MaWb_reg/MaWb_wbsel_reg[0]/C
  -------------------------------------------------------------------    -------------------
    SLICE_X13Y116        FDCE (Prop_fdce_C_Q)         0.379     4.671 r  MaWb_reg/MaWb_wbsel_reg[0]/Q
                         net (fo=32, routed)          0.891     5.563    writeback/ExMa_datab_reg[0][0]
    SLICE_X21Y114        LUT5 (Prop_lut5_I3_O)        0.105     5.668 r  writeback/rout_OBUF[8]_inst_i_1/O
                         net (fo=7, routed)           2.576     8.244    rout_OBUF[8]
    T24                  OBUF (Prop_obuf_I_O)         2.384    10.627 r  rout_OBUF[8]_inst/O
                         net (fo=0)                   0.000    10.627    rout[8]
    T24                                                               r  rout[8] (OUT)
  -------------------------------------------------------------------    -------------------

Slack:                    inf
  Source:                 MaWb_reg/MaWb_wbsel_reg[1]/C
                            (rising edge-triggered cell FDCE clocked by clk  {rise@0.000ns fall@3.750ns period=7.500ns})
  Destination:            rout[9]
                            (output port)
  Path Group:             (none)
  Path Type:              Max at Slow Process Corner
  Data Path Delay:        6.206ns  (logic 2.942ns (47.400%)  route 3.264ns (52.600%))
  Logic Levels:           2  (LUT5=1 OBUF=1)
  Clock Uncertainty:      0.025ns  ((TSJ^2 + TIJ^2)^1/2 + DJ) / 2 + PE
    Total System Jitter     (TSJ):    0.050ns
    Total Input Jitter      (TIJ):    0.000ns
    Discrete Jitter          (DJ):    0.000ns
    Phase Error              (PE):    0.000ns

    Location             Delay type                Incr(ns)  Path(ns)    Netlist Resource(s)
  -------------------------------------------------------------------    -------------------
                         (clock clk rise edge)        0.000     0.000 r  
    L22                                               0.000     0.000 r  clk (IN)
                         net (fo=0)                   0.000     0.000    clk
    L22                  IBUF (Prop_ibuf_I_O)         0.893     0.893 r  clk_IBUF_inst/O
                         net (fo=1, routed)           1.827     2.720    clk_IBUF
    BUFGCTRL_X0Y0        BUFG (Prop_bufg_I_O)         0.081     2.801 r  clk_IBUF_BUFG_inst/O
                         net (fo=2508, routed)        1.494     4.294    MaWb_reg/clk_IBUF_BUFG
    SLICE_X14Y114        FDCE                                         r  MaWb_reg/MaWb_wbsel_reg[1]/C
  -------------------------------------------------------------------    -------------------
    SLICE_X14Y114        FDCE (Prop_fdce_C_Q)         0.433     4.727 r  MaWb_reg/MaWb_wbsel_reg[1]/Q
                         net (fo=32, routed)          1.063     5.791    writeback/ExMa_datab_reg[0][1]
    SLICE_X21Y114        LUT5 (Prop_lut5_I1_O)        0.105     5.896 r  writeback/rout_OBUF[9]_inst_i_1/O
                         net (fo=8, routed)           2.201     8.097    rout_OBUF[9]
    M26                  OBUF (Prop_obuf_I_O)         2.404    10.500 r  rout_OBUF[9]_inst/O
                         net (fo=0)                   0.000    10.500    rout[9]
    M26                                                               r  rout[9] (OUT)
  -------------------------------------------------------------------    -------------------

Slack:                    inf
  Source:                 MaWb_reg/MaWb_wbsel_reg[1]/C
                            (rising edge-triggered cell FDCE clocked by clk  {rise@0.000ns fall@3.750ns period=7.500ns})
  Destination:            rout[17]
                            (output port)
  Path Group:             (none)
  Path Type:              Max at Slow Process Corner
  Data Path Delay:        6.190ns  (logic 2.880ns (46.517%)  route 3.311ns (53.483%))
  Logic Levels:           2  (LUT5=1 OBUF=1)
  Clock Uncertainty:      0.025ns  ((TSJ^2 + TIJ^2)^1/2 + DJ) / 2 + PE
    Total System Jitter     (TSJ):    0.050ns
    Total Input Jitter      (TIJ):    0.000ns
    Discrete Jitter          (DJ):    0.000ns
    Phase Error              (PE):    0.000ns

    Location             Delay type                Incr(ns)  Path(ns)    Netlist Resource(s)
  -------------------------------------------------------------------    -------------------
                         (clock clk rise edge)        0.000     0.000 r  
    L22                                               0.000     0.000 r  clk (IN)
                         net (fo=0)                   0.000     0.000    clk
    L22                  IBUF (Prop_ibuf_I_O)         0.893     0.893 r  clk_IBUF_inst/O
                         net (fo=1, routed)           1.827     2.720    clk_IBUF
    BUFGCTRL_X0Y0        BUFG (Prop_bufg_I_O)         0.081     2.801 r  clk_IBUF_BUFG_inst/O
                         net (fo=2508, routed)        1.494     4.294    MaWb_reg/clk_IBUF_BUFG
    SLICE_X14Y114        FDCE                                         r  MaWb_reg/MaWb_wbsel_reg[1]/C
  -------------------------------------------------------------------    -------------------
    SLICE_X14Y114        FDCE (Prop_fdce_C_Q)         0.433     4.727 r  MaWb_reg/MaWb_wbsel_reg[1]/Q
                         net (fo=32, routed)          1.006     5.734    writeback/ExMa_datab_reg[0][1]
    SLICE_X21Y120        LUT5 (Prop_lut5_I1_O)        0.105     5.839 r  writeback/rout_OBUF[17]_inst_i_1/O
                         net (fo=8, routed)           2.305     8.143    rout_OBUF[17]
    N19                  OBUF (Prop_obuf_I_O)         2.342    10.485 r  rout_OBUF[17]_inst/O
                         net (fo=0)                   0.000    10.485    rout[17]
    N19                                                               r  rout[17] (OUT)
  -------------------------------------------------------------------    -------------------

Slack:                    inf
  Source:                 MaWb_reg/MaWb_wbsel_reg[1]/C
                            (rising edge-triggered cell FDCE clocked by clk  {rise@0.000ns fall@3.750ns period=7.500ns})
  Destination:            rout[10]
                            (output port)
  Path Group:             (none)
  Path Type:              Max at Slow Process Corner
  Data Path Delay:        6.162ns  (logic 2.936ns (47.641%)  route 3.226ns (52.359%))
  Logic Levels:           2  (LUT5=1 OBUF=1)
  Clock Uncertainty:      0.025ns  ((TSJ^2 + TIJ^2)^1/2 + DJ) / 2 + PE
    Total System Jitter     (TSJ):    0.050ns
    Total Input Jitter      (TIJ):    0.000ns
    Discrete Jitter          (DJ):    0.000ns
    Phase Error              (PE):    0.000ns

    Location             Delay type                Incr(ns)  Path(ns)    Netlist Resource(s)
  -------------------------------------------------------------------    -------------------
                         (clock clk rise edge)        0.000     0.000 r  
    L22                                               0.000     0.000 r  clk (IN)
                         net (fo=0)                   0.000     0.000    clk
    L22                  IBUF (Prop_ibuf_I_O)         0.893     0.893 r  clk_IBUF_inst/O
                         net (fo=1, routed)           1.827     2.720    clk_IBUF
    BUFGCTRL_X0Y0        BUFG (Prop_bufg_I_O)         0.081     2.801 r  clk_IBUF_BUFG_inst/O
                         net (fo=2508, routed)        1.494     4.294    MaWb_reg/clk_IBUF_BUFG
    SLICE_X14Y114        FDCE                                         r  MaWb_reg/MaWb_wbsel_reg[1]/C
  -------------------------------------------------------------------    -------------------
    SLICE_X14Y114        FDCE (Prop_fdce_C_Q)         0.433     4.727 r  MaWb_reg/MaWb_wbsel_reg[1]/Q
                         net (fo=32, routed)          0.920     5.647    writeback/ExMa_datab_reg[0][1]
    SLICE_X20Y113        LUT5 (Prop_lut5_I1_O)        0.105     5.752 r  writeback/rout_OBUF[10]_inst_i_1/O
                         net (fo=6, routed)           2.307     8.059    rout_OBUF[10]
    N26                  OBUF (Prop_obuf_I_O)         2.398    10.456 r  rout_OBUF[10]_inst/O
                         net (fo=0)                   0.000    10.456    rout[10]
    N26                                                               r  rout[10] (OUT)
  -------------------------------------------------------------------    -------------------

Slack:                    inf
  Source:                 MaWb_reg/MaWb_wbsel_reg[1]/C
                            (rising edge-triggered cell FDCE clocked by clk  {rise@0.000ns fall@3.750ns period=7.500ns})
  Destination:            rout[3]
                            (output port)
  Path Group:             (none)
  Path Type:              Max at Slow Process Corner
  Data Path Delay:        6.120ns  (logic 2.913ns (47.606%)  route 3.206ns (52.394%))
  Logic Levels:           2  (LUT5=1 OBUF=1)
  Clock Uncertainty:      0.025ns  ((TSJ^2 + TIJ^2)^1/2 + DJ) / 2 + PE
    Total System Jitter     (TSJ):    0.050ns
    Total Input Jitter      (TIJ):    0.000ns
    Discrete Jitter          (DJ):    0.000ns
    Phase Error              (PE):    0.000ns

    Location             Delay type                Incr(ns)  Path(ns)    Netlist Resource(s)
  -------------------------------------------------------------------    -------------------
                         (clock clk rise edge)        0.000     0.000 r  
    L22                                               0.000     0.000 r  clk (IN)
                         net (fo=0)                   0.000     0.000    clk
    L22                  IBUF (Prop_ibuf_I_O)         0.893     0.893 r  clk_IBUF_inst/O
                         net (fo=1, routed)           1.827     2.720    clk_IBUF
    BUFGCTRL_X0Y0        BUFG (Prop_bufg_I_O)         0.081     2.801 r  clk_IBUF_BUFG_inst/O
                         net (fo=2508, routed)        1.494     4.294    MaWb_reg/clk_IBUF_BUFG
    SLICE_X14Y114        FDCE                                         r  MaWb_reg/MaWb_wbsel_reg[1]/C
  -------------------------------------------------------------------    -------------------
    SLICE_X14Y114        FDCE (Prop_fdce_C_Q)         0.433     4.727 r  MaWb_reg/MaWb_wbsel_reg[1]/Q
                         net (fo=32, routed)          0.777     5.504    writeback/ExMa_datab_reg[0][1]
    SLICE_X12Y114        LUT5 (Prop_lut5_I1_O)        0.105     5.609 r  writeback/rout_OBUF[3]_inst_i_1/O
                         net (fo=9, routed)           2.430     8.039    rout_OBUF[3]
    R22                  OBUF (Prop_obuf_I_O)         2.375    10.414 r  rout_OBUF[3]_inst/O
                         net (fo=0)                   0.000    10.414    rout[3]
    R22                                                               r  rout[3] (OUT)
  -------------------------------------------------------------------    -------------------

Slack:                    inf
  Source:                 MaWb_reg/MaWb_wbsel_reg[1]/C
                            (rising edge-triggered cell FDCE clocked by clk  {rise@0.000ns fall@3.750ns period=7.500ns})
  Destination:            rout[29]
                            (output port)
  Path Group:             (none)
  Path Type:              Max at Slow Process Corner
  Data Path Delay:        6.099ns  (logic 2.922ns (47.902%)  route 3.178ns (52.098%))
  Logic Levels:           2  (LUT5=1 OBUF=1)
  Clock Uncertainty:      0.025ns  ((TSJ^2 + TIJ^2)^1/2 + DJ) / 2 + PE
    Total System Jitter     (TSJ):    0.050ns
    Total Input Jitter      (TIJ):    0.000ns
    Discrete Jitter          (DJ):    0.000ns
    Phase Error              (PE):    0.000ns

    Location             Delay type                Incr(ns)  Path(ns)    Netlist Resource(s)
  -------------------------------------------------------------------    -------------------
                         (clock clk rise edge)        0.000     0.000 r  
    L22                                               0.000     0.000 r  clk (IN)
                         net (fo=0)                   0.000     0.000    clk
    L22                  IBUF (Prop_ibuf_I_O)         0.893     0.893 r  clk_IBUF_inst/O
                         net (fo=1, routed)           1.827     2.720    clk_IBUF
    BUFGCTRL_X0Y0        BUFG (Prop_bufg_I_O)         0.081     2.801 r  clk_IBUF_BUFG_inst/O
                         net (fo=2508, routed)        1.494     4.294    MaWb_reg/clk_IBUF_BUFG
    SLICE_X14Y114        FDCE                                         r  MaWb_reg/MaWb_wbsel_reg[1]/C
  -------------------------------------------------------------------    -------------------
    SLICE_X14Y114        FDCE (Prop_fdce_C_Q)         0.433     4.727 r  MaWb_reg/MaWb_wbsel_reg[1]/Q
                         net (fo=32, routed)          0.973     5.700    writeback/ExMa_datab_reg[0][1]
    SLICE_X15Y123        LUT5 (Prop_lut5_I1_O)        0.105     5.805 r  writeback/rout_OBUF[29]_inst_i_1/O
                         net (fo=8, routed)           2.205     8.010    rout_OBUF[29]
    M24                  OBUF (Prop_obuf_I_O)         2.384    10.394 r  rout_OBUF[29]_inst/O
                         net (fo=0)                   0.000    10.394    rout[29]
    M24                                                               r  rout[29] (OUT)
  -------------------------------------------------------------------    -------------------

Slack:                    inf
  Source:                 MaWb_reg/MaWb_wbsel_reg[1]/C
                            (rising edge-triggered cell FDCE clocked by clk  {rise@0.000ns fall@3.750ns period=7.500ns})
  Destination:            rout[22]
                            (output port)
  Path Group:             (none)
  Path Type:              Max at Slow Process Corner
  Data Path Delay:        6.083ns  (logic 2.885ns (47.420%)  route 3.199ns (52.580%))
  Logic Levels:           2  (LUT5=1 OBUF=1)
  Clock Uncertainty:      0.025ns  ((TSJ^2 + TIJ^2)^1/2 + DJ) / 2 + PE
    Total System Jitter     (TSJ):    0.050ns
    Total Input Jitter      (TIJ):    0.000ns
    Discrete Jitter          (DJ):    0.000ns
    Phase Error              (PE):    0.000ns

    Location             Delay type                Incr(ns)  Path(ns)    Netlist Resource(s)
  -------------------------------------------------------------------    -------------------
                         (clock clk rise edge)        0.000     0.000 r  
    L22                                               0.000     0.000 r  clk (IN)
                         net (fo=0)                   0.000     0.000    clk
    L22                  IBUF (Prop_ibuf_I_O)         0.893     0.893 r  clk_IBUF_inst/O
                         net (fo=1, routed)           1.827     2.720    clk_IBUF
    BUFGCTRL_X0Y0        BUFG (Prop_bufg_I_O)         0.081     2.801 r  clk_IBUF_BUFG_inst/O
                         net (fo=2508, routed)        1.494     4.294    MaWb_reg/clk_IBUF_BUFG
    SLICE_X14Y114        FDCE                                         r  MaWb_reg/MaWb_wbsel_reg[1]/C
  -------------------------------------------------------------------    -------------------
    SLICE_X14Y114        FDCE (Prop_fdce_C_Q)         0.433     4.727 r  MaWb_reg/MaWb_wbsel_reg[1]/Q
                         net (fo=32, routed)          1.037     5.765    writeback/ExMa_datab_reg[0][1]
    SLICE_X15Y120        LUT5 (Prop_lut5_I1_O)        0.105     5.870 r  writeback/rout_OBUF[22]_inst_i_1/O
                         net (fo=6, routed)           2.161     8.031    rout_OBUF[22]
    P20                  OBUF (Prop_obuf_I_O)         2.347    10.378 r  rout_OBUF[22]_inst/O
                         net (fo=0)                   0.000    10.378    rout[22]
    P20                                                               r  rout[22] (OUT)
  -------------------------------------------------------------------    -------------------

Slack:                    inf
  Source:                 MaWb_reg/MaWb_wbsel_reg[1]/C
                            (rising edge-triggered cell FDCE clocked by clk  {rise@0.000ns fall@3.750ns period=7.500ns})
  Destination:            rout[11]
                            (output port)
  Path Group:             (none)
  Path Type:              Max at Slow Process Corner
  Data Path Delay:        6.056ns  (logic 2.922ns (48.245%)  route 3.134ns (51.755%))
  Logic Levels:           2  (LUT5=1 OBUF=1)
  Clock Uncertainty:      0.025ns  ((TSJ^2 + TIJ^2)^1/2 + DJ) / 2 + PE
    Total System Jitter     (TSJ):    0.050ns
    Total Input Jitter      (TIJ):    0.000ns
    Discrete Jitter          (DJ):    0.000ns
    Phase Error              (PE):    0.000ns

    Location             Delay type                Incr(ns)  Path(ns)    Netlist Resource(s)
  -------------------------------------------------------------------    -------------------
                         (clock clk rise edge)        0.000     0.000 r  
    L22                                               0.000     0.000 r  clk (IN)
                         net (fo=0)                   0.000     0.000    clk
    L22                  IBUF (Prop_ibuf_I_O)         0.893     0.893 r  clk_IBUF_inst/O
                         net (fo=1, routed)           1.827     2.720    clk_IBUF
    BUFGCTRL_X0Y0        BUFG (Prop_bufg_I_O)         0.081     2.801 r  clk_IBUF_BUFG_inst/O
                         net (fo=2508, routed)        1.494     4.294    MaWb_reg/clk_IBUF_BUFG
    SLICE_X14Y114        FDCE                                         r  MaWb_reg/MaWb_wbsel_reg[1]/C
  -------------------------------------------------------------------    -------------------
    SLICE_X14Y114        FDCE (Prop_fdce_C_Q)         0.433     4.727 r  MaWb_reg/MaWb_wbsel_reg[1]/Q
                         net (fo=32, routed)          0.764     5.492    writeback/ExMa_datab_reg[0][1]
    SLICE_X19Y113        LUT5 (Prop_lut5_I1_O)        0.105     5.597 r  writeback/rout_OBUF[11]_inst_i_1/O
                         net (fo=8, routed)           2.370     7.967    rout_OBUF[11]
    P25                  OBUF (Prop_obuf_I_O)         2.384    10.351 r  rout_OBUF[11]_inst/O
                         net (fo=0)                   0.000    10.351    rout[11]
    P25                                                               r  rout[11] (OUT)
  -------------------------------------------------------------------    -------------------

Slack:                    inf
  Source:                 MaWb_reg/MaWb_wbsel_reg[1]/C
                            (rising edge-triggered cell FDCE clocked by clk  {rise@0.000ns fall@3.750ns period=7.500ns})
  Destination:            rout[18]
                            (output port)
  Path Group:             (none)
  Path Type:              Max at Slow Process Corner
  Data Path Delay:        6.025ns  (logic 2.880ns (47.795%)  route 3.146ns (52.205%))
  Logic Levels:           2  (LUT5=1 OBUF=1)
  Clock Uncertainty:      0.025ns  ((TSJ^2 + TIJ^2)^1/2 + DJ) / 2 + PE
    Total System Jitter     (TSJ):    0.050ns
    Total Input Jitter      (TIJ):    0.000ns
    Discrete Jitter          (DJ):    0.000ns
    Phase Error              (PE):    0.000ns

    Location             Delay type                Incr(ns)  Path(ns)    Netlist Resource(s)
  -------------------------------------------------------------------    -------------------
                         (clock clk rise edge)        0.000     0.000 r  
    L22                                               0.000     0.000 r  clk (IN)
                         net (fo=0)                   0.000     0.000    clk
    L22                  IBUF (Prop_ibuf_I_O)         0.893     0.893 r  clk_IBUF_inst/O
                         net (fo=1, routed)           1.827     2.720    clk_IBUF
    BUFGCTRL_X0Y0        BUFG (Prop_bufg_I_O)         0.081     2.801 r  clk_IBUF_BUFG_inst/O
                         net (fo=2508, routed)        1.494     4.294    MaWb_reg/clk_IBUF_BUFG
    SLICE_X14Y114        FDCE                                         r  MaWb_reg/MaWb_wbsel_reg[1]/C
  -------------------------------------------------------------------    -------------------
    SLICE_X14Y114        FDCE (Prop_fdce_C_Q)         0.433     4.727 r  MaWb_reg/MaWb_wbsel_reg[1]/Q
                         net (fo=32, routed)          0.943     5.671    writeback/ExMa_datab_reg[0][1]
    SLICE_X17Y120        LUT5 (Prop_lut5_I1_O)        0.105     5.776 r  writeback/rout_OBUF[18]_inst_i_1/O
                         net (fo=7, routed)           2.202     7.978    rout_OBUF[18]
    P19                  OBUF (Prop_obuf_I_O)         2.342    10.320 r  rout_OBUF[18]_inst/O
                         net (fo=0)                   0.000    10.320    rout[18]
    P19                                                               r  rout[18] (OUT)
  -------------------------------------------------------------------    -------------------





Min Delay Paths
--------------------------------------------------------------------------------------
Slack:                    inf
  Source:                 MaWb_reg/MaWb_alu_output_reg[24]/C
                            (rising edge-triggered cell FDCE clocked by clk  {rise@0.000ns fall@3.750ns period=7.500ns})
  Destination:            rout[24]
                            (output port)
  Path Group:             (none)
  Path Type:              Min at Fast Process Corner
  Data Path Delay:        2.118ns  (logic 1.339ns (63.227%)  route 0.779ns (36.773%))
  Logic Levels:           2  (LUT5=1 OBUF=1)
  Clock Uncertainty:      0.025ns  ((TSJ^2 + TIJ^2)^1/2 + DJ) / 2 + PE
    Total System Jitter     (TSJ):    0.050ns
    Total Input Jitter      (TIJ):    0.000ns
    Discrete Jitter          (DJ):    0.000ns
    Phase Error              (PE):    0.000ns

    Location             Delay type                Incr(ns)  Path(ns)    Netlist Resource(s)
  -------------------------------------------------------------------    -------------------
                         (clock clk rise edge)        0.000     0.000 r  
    L22                                               0.000     0.000 r  clk (IN)
                         net (fo=0)                   0.000     0.000    clk
    L22                  IBUF (Prop_ibuf_I_O)         0.190     0.190 r  clk_IBUF_inst/O
                         net (fo=1, routed)           0.690     0.880    clk_IBUF
    BUFGCTRL_X0Y0        BUFG (Prop_bufg_I_O)         0.026     0.906 r  clk_IBUF_BUFG_inst/O
                         net (fo=2508, routed)        0.618     1.523    MaWb_reg/clk_IBUF_BUFG
    SLICE_X12Y120        FDCE                                         r  MaWb_reg/MaWb_alu_output_reg[24]/C
  -------------------------------------------------------------------    -------------------
    SLICE_X12Y120        FDCE (Prop_fdce_C_Q)         0.164     1.687 r  MaWb_reg/MaWb_alu_output_reg[24]/Q
                         net (fo=1, routed)           0.152     1.839    writeback/ExMa_datab_reg[31]_1[24]
    SLICE_X14Y122        LUT5 (Prop_lut5_I4_O)        0.045     1.884 r  writeback/rout_OBUF[24]_inst_i_1/O
                         net (fo=7, routed)           0.627     2.511    rout_OBUF[24]
    N21                  OBUF (Prop_obuf_I_O)         1.130     3.641 r  rout_OBUF[24]_inst/O
                         net (fo=0)                   0.000     3.641    rout[24]
    N21                                                               r  rout[24] (OUT)
  -------------------------------------------------------------------    -------------------

Slack:                    inf
  Source:                 MaWb_reg/MaWb_alu_output_reg[23]/C
                            (rising edge-triggered cell FDCE clocked by clk  {rise@0.000ns fall@3.750ns period=7.500ns})
  Destination:            rout[23]
                            (output port)
  Path Group:             (none)
  Path Type:              Min at Fast Process Corner
  Data Path Delay:        2.136ns  (logic 1.340ns (62.712%)  route 0.796ns (37.288%))
  Logic Levels:           2  (LUT5=1 OBUF=1)
  Clock Uncertainty:      0.025ns  ((TSJ^2 + TIJ^2)^1/2 + DJ) / 2 + PE
    Total System Jitter     (TSJ):    0.050ns
    Total Input Jitter      (TIJ):    0.000ns
    Discrete Jitter          (DJ):    0.000ns
    Phase Error              (PE):    0.000ns

    Location             Delay type                Incr(ns)  Path(ns)    Netlist Resource(s)
  -------------------------------------------------------------------    -------------------
                         (clock clk rise edge)        0.000     0.000 r  
    L22                                               0.000     0.000 r  clk (IN)
                         net (fo=0)                   0.000     0.000    clk
    L22                  IBUF (Prop_ibuf_I_O)         0.190     0.190 r  clk_IBUF_inst/O
                         net (fo=1, routed)           0.690     0.880    clk_IBUF
    BUFGCTRL_X0Y0        BUFG (Prop_bufg_I_O)         0.026     0.906 r  clk_IBUF_BUFG_inst/O
                         net (fo=2508, routed)        0.620     1.525    MaWb_reg/clk_IBUF_BUFG
    SLICE_X12Y118        FDCE                                         r  MaWb_reg/MaWb_alu_output_reg[23]/C
  -------------------------------------------------------------------    -------------------
    SLICE_X12Y118        FDCE (Prop_fdce_C_Q)         0.164     1.689 r  MaWb_reg/MaWb_alu_output_reg[23]/Q
                         net (fo=1, routed)           0.219     1.908    writeback/ExMa_datab_reg[31]_1[23]
    SLICE_X13Y122        LUT5 (Prop_lut5_I4_O)        0.045     1.953 r  writeback/rout_OBUF[23]_inst_i_1/O
                         net (fo=8, routed)           0.578     2.531    rout_OBUF[23]
    N22                  OBUF (Prop_obuf_I_O)         1.131     3.661 r  rout_OBUF[23]_inst/O
                         net (fo=0)                   0.000     3.661    rout[23]
    N22                                                               r  rout[23] (OUT)
  -------------------------------------------------------------------    -------------------

Slack:                    inf
  Source:                 MaWb_reg/MaWb_alu_output_reg[14]/C
                            (rising edge-triggered cell FDCE clocked by clk  {rise@0.000ns fall@3.750ns period=7.500ns})
  Destination:            rout[14]
                            (output port)
  Path Group:             (none)
  Path Type:              Min at Fast Process Corner
  Data Path Delay:        2.153ns  (logic 1.310ns (60.838%)  route 0.843ns (39.163%))
  Logic Levels:           2  (LUT5=1 OBUF=1)
  Clock Uncertainty:      0.025ns  ((TSJ^2 + TIJ^2)^1/2 + DJ) / 2 + PE
    Total System Jitter     (TSJ):    0.050ns
    Total Input Jitter      (TIJ):    0.000ns
    Discrete Jitter          (DJ):    0.000ns
    Phase Error              (PE):    0.000ns

    Location             Delay type                Incr(ns)  Path(ns)    Netlist Resource(s)
  -------------------------------------------------------------------    -------------------
                         (clock clk rise edge)        0.000     0.000 r  
    L22                                               0.000     0.000 r  clk (IN)
                         net (fo=0)                   0.000     0.000    clk
    L22                  IBUF (Prop_ibuf_I_O)         0.190     0.190 r  clk_IBUF_inst/O
                         net (fo=1, routed)           0.690     0.880    clk_IBUF
    BUFGCTRL_X0Y0        BUFG (Prop_bufg_I_O)         0.026     0.906 r  clk_IBUF_BUFG_inst/O
                         net (fo=2508, routed)        0.620     1.525    MaWb_reg/clk_IBUF_BUFG
    SLICE_X19Y116        FDCE                                         r  MaWb_reg/MaWb_alu_output_reg[14]/C
  -------------------------------------------------------------------    -------------------
    SLICE_X19Y116        FDCE (Prop_fdce_C_Q)         0.141     1.666 r  MaWb_reg/MaWb_alu_output_reg[14]/Q
                         net (fo=1, routed)           0.147     1.813    writeback/ExMa_datab_reg[31]_1[14]
    SLICE_X17Y116        LUT5 (Prop_lut5_I4_O)        0.045     1.858 r  writeback/rout_OBUF[14]_inst_i_1/O
                         net (fo=7, routed)           0.696     2.555    rout_OBUF[14]
    R20                  OBUF (Prop_obuf_I_O)         1.124     3.679 r  rout_OBUF[14]_inst/O
                         net (fo=0)                   0.000     3.679    rout[14]
    R20                                                               r  rout[14] (OUT)
  -------------------------------------------------------------------    -------------------

Slack:                    inf
  Source:                 MaWb_reg/MaWb_alu_output_reg[25]/C
                            (rising edge-triggered cell FDCE clocked by clk  {rise@0.000ns fall@3.750ns period=7.500ns})
  Destination:            rout[25]
                            (output port)
  Path Group:             (none)
  Path Type:              Min at Fast Process Corner
  Data Path Delay:        2.164ns  (logic 1.327ns (61.306%)  route 0.837ns (38.694%))
  Logic Levels:           2  (LUT5=1 OBUF=1)
  Clock Uncertainty:      0.025ns  ((TSJ^2 + TIJ^2)^1/2 + DJ) / 2 + PE
    Total System Jitter     (TSJ):    0.050ns
    Total Input Jitter      (TIJ):    0.000ns
    Discrete Jitter          (DJ):    0.000ns
    Phase Error              (PE):    0.000ns

    Location             Delay type                Incr(ns)  Path(ns)    Netlist Resource(s)
  -------------------------------------------------------------------    -------------------
                         (clock clk rise edge)        0.000     0.000 r  
    L22                                               0.000     0.000 r  clk (IN)
                         net (fo=0)                   0.000     0.000    clk
    L22                  IBUF (Prop_ibuf_I_O)         0.190     0.190 r  clk_IBUF_inst/O
                         net (fo=1, routed)           0.690     0.880    clk_IBUF
    BUFGCTRL_X0Y0        BUFG (Prop_bufg_I_O)         0.026     0.906 r  clk_IBUF_BUFG_inst/O
                         net (fo=2508, routed)        0.614     1.519    MaWb_reg/clk_IBUF_BUFG
    SLICE_X13Y124        FDCE                                         r  MaWb_reg/MaWb_alu_output_reg[25]/C
  -------------------------------------------------------------------    -------------------
    SLICE_X13Y124        FDCE (Prop_fdce_C_Q)         0.141     1.660 r  MaWb_reg/MaWb_alu_output_reg[25]/Q
                         net (fo=1, routed)           0.179     1.840    writeback/ExMa_datab_reg[31]_1[25]
    SLICE_X14Y124        LUT5 (Prop_lut5_I4_O)        0.045     1.885 r  writeback/rout_OBUF[25]_inst_i_1/O
                         net (fo=8, routed)           0.658     2.543    rout_OBUF[25]
    M22                  OBUF (Prop_obuf_I_O)         1.141     3.684 r  rout_OBUF[25]_inst/O
                         net (fo=0)                   0.000     3.684    rout[25]
    M22                                                               r  rout[25] (OUT)
  -------------------------------------------------------------------    -------------------

Slack:                    inf
  Source:                 MaWb_reg/MaWb_alu_output_reg[18]/C
                            (rising edge-triggered cell FDCE clocked by clk  {rise@0.000ns fall@3.750ns period=7.500ns})
  Destination:            rout[18]
                            (output port)
  Path Group:             (none)
  Path Type:              Min at Fast Process Corner
  Data Path Delay:        2.173ns  (logic 1.298ns (59.746%)  route 0.875ns (40.254%))
  Logic Levels:           2  (LUT5=1 OBUF=1)
  Clock Uncertainty:      0.025ns  ((TSJ^2 + TIJ^2)^1/2 + DJ) / 2 + PE
    Total System Jitter     (TSJ):    0.050ns
    Total Input Jitter      (TIJ):    0.000ns
    Discrete Jitter          (DJ):    0.000ns
    Phase Error              (PE):    0.000ns

    Location             Delay type                Incr(ns)  Path(ns)    Netlist Resource(s)
  -------------------------------------------------------------------    -------------------
                         (clock clk rise edge)        0.000     0.000 r  
    L22                                               0.000     0.000 r  clk (IN)
                         net (fo=0)                   0.000     0.000    clk
    L22                  IBUF (Prop_ibuf_I_O)         0.190     0.190 r  clk_IBUF_inst/O
                         net (fo=1, routed)           0.690     0.880    clk_IBUF
    BUFGCTRL_X0Y0        BUFG (Prop_bufg_I_O)         0.026     0.906 r  clk_IBUF_BUFG_inst/O
                         net (fo=2508, routed)        0.616     1.521    MaWb_reg/clk_IBUF_BUFG
    SLICE_X17Y120        FDCE                                         r  MaWb_reg/MaWb_alu_output_reg[18]/C
  -------------------------------------------------------------------    -------------------
    SLICE_X17Y120        FDCE (Prop_fdce_C_Q)         0.141     1.662 r  MaWb_reg/MaWb_alu_output_reg[18]/Q
                         net (fo=1, routed)           0.107     1.769    writeback/ExMa_datab_reg[31]_1[18]
    SLICE_X17Y120        LUT5 (Prop_lut5_I4_O)        0.045     1.814 r  writeback/rout_OBUF[18]_inst_i_1/O
                         net (fo=7, routed)           0.768     2.582    rout_OBUF[18]
    P19                  OBUF (Prop_obuf_I_O)         1.112     3.695 r  rout_OBUF[18]_inst/O
                         net (fo=0)                   0.000     3.695    rout[18]
    P19                                                               r  rout[18] (OUT)
  -------------------------------------------------------------------    -------------------

Slack:                    inf
  Source:                 MaWb_reg/MaWb_alu_output_reg[6]/C
                            (rising edge-triggered cell FDCE clocked by clk  {rise@0.000ns fall@3.750ns period=7.500ns})
  Destination:            rout[6]
                            (output port)
  Path Group:             (none)
  Path Type:              Min at Fast Process Corner
  Data Path Delay:        2.174ns  (logic 1.360ns (62.570%)  route 0.814ns (37.430%))
  Logic Levels:           2  (LUT5=1 OBUF=1)
  Clock Uncertainty:      0.025ns  ((TSJ^2 + TIJ^2)^1/2 + DJ) / 2 + PE
    Total System Jitter     (TSJ):    0.050ns
    Total Input Jitter      (TIJ):    0.000ns
    Discrete Jitter          (DJ):    0.000ns
    Phase Error              (PE):    0.000ns

    Location             Delay type                Incr(ns)  Path(ns)    Netlist Resource(s)
  -------------------------------------------------------------------    -------------------
                         (clock clk rise edge)        0.000     0.000 r  
    L22                                               0.000     0.000 r  clk (IN)
                         net (fo=0)                   0.000     0.000    clk
    L22                  IBUF (Prop_ibuf_I_O)         0.190     0.190 r  clk_IBUF_inst/O
                         net (fo=1, routed)           0.690     0.880    clk_IBUF
    BUFGCTRL_X0Y0        BUFG (Prop_bufg_I_O)         0.026     0.906 r  clk_IBUF_BUFG_inst/O
                         net (fo=2508, routed)        0.625     1.530    MaWb_reg/clk_IBUF_BUFG
    SLICE_X15Y111        FDCE                                         r  MaWb_reg/MaWb_alu_output_reg[6]/C
  -------------------------------------------------------------------    -------------------
    SLICE_X15Y111        FDCE (Prop_fdce_C_Q)         0.141     1.671 r  MaWb_reg/MaWb_alu_output_reg[6]/Q
                         net (fo=1, routed)           0.212     1.883    writeback/ExMa_datab_reg[31]_1[6]
    SLICE_X15Y111        LUT5 (Prop_lut5_I4_O)        0.045     1.928 r  writeback/rout_OBUF[6]_inst_i_1/O
                         net (fo=7, routed)           0.602     2.530    rout_OBUF[6]
    R26                  OBUF (Prop_obuf_I_O)         1.174     3.704 r  rout_OBUF[6]_inst/O
                         net (fo=0)                   0.000     3.704    rout[6]
    R26                                                               r  rout[6] (OUT)
  -------------------------------------------------------------------    -------------------

Slack:                    inf
  Source:                 MaWb_reg/MaWb_alu_output_reg[7]/C
                            (rising edge-triggered cell FDCE clocked by clk  {rise@0.000ns fall@3.750ns period=7.500ns})
  Destination:            rout[7]
                            (output port)
  Path Group:             (none)
  Path Type:              Min at Fast Process Corner
  Data Path Delay:        2.222ns  (logic 1.366ns (61.447%)  route 0.857ns (38.553%))
  Logic Levels:           2  (LUT5=1 OBUF=1)
  Clock Uncertainty:      0.025ns  ((TSJ^2 + TIJ^2)^1/2 + DJ) / 2 + PE
    Total System Jitter     (TSJ):    0.050ns
    Total Input Jitter      (TIJ):    0.000ns
    Discrete Jitter          (DJ):    0.000ns
    Phase Error              (PE):    0.000ns

    Location             Delay type                Incr(ns)  Path(ns)    Netlist Resource(s)
  -------------------------------------------------------------------    -------------------
                         (clock clk rise edge)        0.000     0.000 r  
    L22                                               0.000     0.000 r  clk (IN)
                         net (fo=0)                   0.000     0.000    clk
    L22                  IBUF (Prop_ibuf_I_O)         0.190     0.190 r  clk_IBUF_inst/O
                         net (fo=1, routed)           0.690     0.880    clk_IBUF
    BUFGCTRL_X0Y0        BUFG (Prop_bufg_I_O)         0.026     0.906 r  clk_IBUF_BUFG_inst/O
                         net (fo=2508, routed)        0.623     1.528    MaWb_reg/clk_IBUF_BUFG
    SLICE_X14Y114        FDCE                                         r  MaWb_reg/MaWb_alu_output_reg[7]/C
  -------------------------------------------------------------------    -------------------
    SLICE_X14Y114        FDCE (Prop_fdce_C_Q)         0.164     1.692 r  MaWb_reg/MaWb_alu_output_reg[7]/Q
                         net (fo=1, routed)           0.133     1.825    writeback/ExMa_datab_reg[31]_1[7]
    SLICE_X14Y114        LUT5 (Prop_lut5_I4_O)        0.045     1.870 r  writeback/rout_OBUF[7]_inst_i_1/O
                         net (fo=8, routed)           0.724     2.594    rout_OBUF[7]
    T25                  OBUF (Prop_obuf_I_O)         1.157     3.751 r  rout_OBUF[7]_inst/O
                         net (fo=0)                   0.000     3.751    rout[7]
    T25                                                               r  rout[7] (OUT)
  -------------------------------------------------------------------    -------------------

Slack:                    inf
  Source:                 MaWb_reg/MaWb_alu_output_reg[26]/C
                            (rising edge-triggered cell FDCE clocked by clk  {rise@0.000ns fall@3.750ns period=7.500ns})
  Destination:            rout[26]
                            (output port)
  Path Group:             (none)
  Path Type:              Min at Fast Process Corner
  Data Path Delay:        2.233ns  (logic 1.326ns (59.415%)  route 0.906ns (40.585%))
  Logic Levels:           2  (LUT5=1 OBUF=1)
  Clock Uncertainty:      0.025ns  ((TSJ^2 + TIJ^2)^1/2 + DJ) / 2 + PE
    Total System Jitter     (TSJ):    0.050ns
    Total Input Jitter      (TIJ):    0.000ns
    Discrete Jitter          (DJ):    0.000ns
    Phase Error              (PE):    0.000ns

    Location             Delay type                Incr(ns)  Path(ns)    Netlist Resource(s)
  -------------------------------------------------------------------    -------------------
                         (clock clk rise edge)        0.000     0.000 r  
    L22                                               0.000     0.000 r  clk (IN)
                         net (fo=0)                   0.000     0.000    clk
    L22                  IBUF (Prop_ibuf_I_O)         0.190     0.190 r  clk_IBUF_inst/O
                         net (fo=1, routed)           0.690     0.880    clk_IBUF
    BUFGCTRL_X0Y0        BUFG (Prop_bufg_I_O)         0.026     0.906 r  clk_IBUF_BUFG_inst/O
                         net (fo=2508, routed)        0.614     1.519    MaWb_reg/clk_IBUF_BUFG
    SLICE_X13Y124        FDCE                                         r  MaWb_reg/MaWb_alu_output_reg[26]/C
  -------------------------------------------------------------------    -------------------
    SLICE_X13Y124        FDCE (Prop_fdce_C_Q)         0.141     1.660 r  MaWb_reg/MaWb_alu_output_reg[26]/Q
                         net (fo=1, routed)           0.264     1.925    writeback/ExMa_datab_reg[31]_1[26]
    SLICE_X13Y124        LUT5 (Prop_lut5_I4_O)        0.045     1.970 r  writeback/rout_OBUF[26]_inst_i_1/O
                         net (fo=7, routed)           0.642     2.611    rout_OBUF[26]
    M21                  OBUF (Prop_obuf_I_O)         1.140     3.752 r  rout_OBUF[26]_inst/O
                         net (fo=0)                   0.000     3.752    rout[26]
    M21                                                               r  rout[26] (OUT)
  -------------------------------------------------------------------    -------------------

Slack:                    inf
  Source:                 MaWb_reg/MaWb_alu_output_reg[21]/C
                            (rising edge-triggered cell FDCE clocked by clk  {rise@0.000ns fall@3.750ns period=7.500ns})
  Destination:            rout[21]
                            (output port)
  Path Group:             (none)
  Path Type:              Min at Fast Process Corner
  Data Path Delay:        2.233ns  (logic 1.308ns (58.572%)  route 0.925ns (41.428%))
  Logic Levels:           2  (LUT5=1 OBUF=1)
  Clock Uncertainty:      0.025ns  ((TSJ^2 + TIJ^2)^1/2 + DJ) / 2 + PE
    Total System Jitter     (TSJ):    0.050ns
    Total Input Jitter      (TIJ):    0.000ns
    Discrete Jitter          (DJ):    0.000ns
    Phase Error              (PE):    0.000ns

    Location             Delay type                Incr(ns)  Path(ns)    Netlist Resource(s)
  -------------------------------------------------------------------    -------------------
                         (clock clk rise edge)        0.000     0.000 r  
    L22                                               0.000     0.000 r  clk (IN)
                         net (fo=0)                   0.000     0.000    clk
    L22                  IBUF (Prop_ibuf_I_O)         0.190     0.190 r  clk_IBUF_inst/O
                         net (fo=1, routed)           0.690     0.880    clk_IBUF
    BUFGCTRL_X0Y0        BUFG (Prop_bufg_I_O)         0.026     0.906 r  clk_IBUF_BUFG_inst/O
                         net (fo=2508, routed)        0.617     1.522    MaWb_reg/clk_IBUF_BUFG
    SLICE_X15Y122        FDCE                                         r  MaWb_reg/MaWb_alu_output_reg[21]/C
  -------------------------------------------------------------------    -------------------
    SLICE_X15Y122        FDCE (Prop_fdce_C_Q)         0.141     1.663 r  MaWb_reg/MaWb_alu_output_reg[21]/Q
                         net (fo=1, routed)           0.135     1.798    writeback/ExMa_datab_reg[31]_1[21]
    SLICE_X15Y122        LUT5 (Prop_lut5_I4_O)        0.045     1.843 r  writeback/rout_OBUF[21]_inst_i_1/O
                         net (fo=8, routed)           0.791     2.634    rout_OBUF[21]
    P21                  OBUF (Prop_obuf_I_O)         1.122     3.756 r  rout_OBUF[21]_inst/O
                         net (fo=0)                   0.000     3.756    rout[21]
    P21                                                               r  rout[21] (OUT)
  -------------------------------------------------------------------    -------------------

Slack:                    inf
  Source:                 MaWb_reg/MaWb_alu_output_reg[0]/C
                            (rising edge-triggered cell FDCE clocked by clk  {rise@0.000ns fall@3.750ns period=7.500ns})
  Destination:            rout[0]
                            (output port)
  Path Group:             (none)
  Path Type:              Min at Fast Process Corner
  Data Path Delay:        2.230ns  (logic 1.286ns (57.696%)  route 0.943ns (42.304%))
  Logic Levels:           2  (LUT5=1 OBUF=1)
  Clock Uncertainty:      0.025ns  ((TSJ^2 + TIJ^2)^1/2 + DJ) / 2 + PE
    Total System Jitter     (TSJ):    0.050ns
    Total Input Jitter      (TIJ):    0.000ns
    Discrete Jitter          (DJ):    0.000ns
    Phase Error              (PE):    0.000ns

    Location             Delay type                Incr(ns)  Path(ns)    Netlist Resource(s)
  -------------------------------------------------------------------    -------------------
                         (clock clk rise edge)        0.000     0.000 r  
    L22                                               0.000     0.000 r  clk (IN)
                         net (fo=0)                   0.000     0.000    clk
    L22                  IBUF (Prop_ibuf_I_O)         0.190     0.190 r  clk_IBUF_inst/O
                         net (fo=1, routed)           0.690     0.880    clk_IBUF
    BUFGCTRL_X0Y0        BUFG (Prop_bufg_I_O)         0.026     0.906 r  clk_IBUF_BUFG_inst/O
                         net (fo=2508, routed)        0.623     1.528    MaWb_reg/clk_IBUF_BUFG
    SLICE_X13Y113        FDCE                                         r  MaWb_reg/MaWb_alu_output_reg[0]/C
  -------------------------------------------------------------------    -------------------
    SLICE_X13Y113        FDCE (Prop_fdce_C_Q)         0.141     1.669 r  MaWb_reg/MaWb_alu_output_reg[0]/Q
                         net (fo=1, routed)           0.051     1.721    writeback/ExMa_datab_reg[31]_1[0]
    SLICE_X12Y113        LUT5 (Prop_lut5_I4_O)        0.045     1.766 r  writeback/rout_OBUF[0]_inst_i_1/O
                         net (fo=8, routed)           0.892     2.658    rout_OBUF[0]
    R18                  OBUF (Prop_obuf_I_O)         1.100     3.758 r  rout_OBUF[0]_inst/O
                         net (fo=0)                   0.000     3.758    rout[0]
    R18                                                               r  rout[0] (OUT)
  -------------------------------------------------------------------    -------------------





--------------------------------------------------------------------------------------
Path Group:  (none)
From Clock:  
  To Clock:  clk

Max Delay          2420 Endpoints
Min Delay          2420 Endpoints
--------------------------------------------------------------------------------------


Max Delay Paths
--------------------------------------------------------------------------------------
Slack:                    inf
  Source:                 rst
                            (input port)
  Destination:            IfId_reg/IfId_instr_reg[10]/CLR
                            (recovery check against rising-edge clock clk  {rise@0.000ns fall@3.750ns period=7.500ns})
  Path Group:             (none)
  Path Type:              Recovery (Max at Slow Process Corner)
  Data Path Delay:        6.922ns  (logic 0.998ns (14.422%)  route 5.924ns (85.578%))
  Logic Levels:           2  (IBUF=1 LUT6=1)
  Clock Path Skew:        3.963ns (DCD - SCD + CPR)
    Destination Clock Delay (DCD):    3.963ns
    Source Clock Delay      (SCD):    0.000ns
    Clock Pessimism Removal (CPR):    0.000ns
  Clock Uncertainty:      0.025ns  ((TSJ^2 + TIJ^2)^1/2 + DJ) / 2 + PE
    Total System Jitter     (TSJ):    0.050ns
    Total Input Jitter      (TIJ):    0.000ns
    Discrete Jitter          (DJ):    0.000ns
    Phase Error              (PE):    0.000ns

    Location             Delay type                Incr(ns)  Path(ns)    Netlist Resource(s)
  -------------------------------------------------------------------    -------------------
    L20                                               0.000     0.000 f  rst (IN)
                         net (fo=0)                   0.000     0.000    rst
    L20                  IBUF (Prop_ibuf_I_O)         0.893     0.893 f  rst_IBUF_inst/O
                         net (fo=1819, routed)        4.052     4.945    ExMa_reg/rst_IBUF
    SLICE_X20Y125        LUT6 (Prop_lut6_I0_O)        0.105     5.050 f  ExMa_reg/IfId_instr[30]_i_2/O
                         net (fo=124, routed)         1.872     6.922    IfId_reg/AR[0]
    SLICE_X11Y109        FDCE                                         f  IfId_reg/IfId_instr_reg[10]/CLR
  -------------------------------------------------------------------    -------------------

                         (clock clk rise edge)        0.000     0.000 r  
    L22                                               0.000     0.000 r  clk (IN)
                         net (fo=0)                   0.000     0.000    clk
    L22                  IBUF (Prop_ibuf_I_O)         0.762     0.762 r  clk_IBUF_inst/O
                         net (fo=1, routed)           1.734     2.496    clk_IBUF
    BUFGCTRL_X0Y0        BUFG (Prop_bufg_I_O)         0.077     2.573 r  clk_IBUF_BUFG_inst/O
                         net (fo=2508, routed)        1.390     3.963    IfId_reg/clk_IBUF_BUFG
    SLICE_X11Y109        FDCE                                         r  IfId_reg/IfId_instr_reg[10]/C

Slack:                    inf
  Source:                 rst
                            (input port)
  Destination:            IfId_reg/IfId_instr_reg[11]/CLR
                            (recovery check against rising-edge clock clk  {rise@0.000ns fall@3.750ns period=7.500ns})
  Path Group:             (none)
  Path Type:              Recovery (Max at Slow Process Corner)
  Data Path Delay:        6.922ns  (logic 0.998ns (14.422%)  route 5.924ns (85.578%))
  Logic Levels:           2  (IBUF=1 LUT6=1)
  Clock Path Skew:        3.963ns (DCD - SCD + CPR)
    Destination Clock Delay (DCD):    3.963ns
    Source Clock Delay      (SCD):    0.000ns
    Clock Pessimism Removal (CPR):    0.000ns
  Clock Uncertainty:      0.025ns  ((TSJ^2 + TIJ^2)^1/2 + DJ) / 2 + PE
    Total System Jitter     (TSJ):    0.050ns
    Total Input Jitter      (TIJ):    0.000ns
    Discrete Jitter          (DJ):    0.000ns
    Phase Error              (PE):    0.000ns

    Location             Delay type                Incr(ns)  Path(ns)    Netlist Resource(s)
  -------------------------------------------------------------------    -------------------
    L20                                               0.000     0.000 f  rst (IN)
                         net (fo=0)                   0.000     0.000    rst
    L20                  IBUF (Prop_ibuf_I_O)         0.893     0.893 f  rst_IBUF_inst/O
                         net (fo=1819, routed)        4.052     4.945    ExMa_reg/rst_IBUF
    SLICE_X20Y125        LUT6 (Prop_lut6_I0_O)        0.105     5.050 f  ExMa_reg/IfId_instr[30]_i_2/O
                         net (fo=124, routed)         1.872     6.922    IfId_reg/AR[0]
    SLICE_X11Y109        FDCE                                         f  IfId_reg/IfId_instr_reg[11]/CLR
  -------------------------------------------------------------------    -------------------

                         (clock clk rise edge)        0.000     0.000 r  
    L22                                               0.000     0.000 r  clk (IN)
                         net (fo=0)                   0.000     0.000    clk
    L22                  IBUF (Prop_ibuf_I_O)         0.762     0.762 r  clk_IBUF_inst/O
                         net (fo=1, routed)           1.734     2.496    clk_IBUF
    BUFGCTRL_X0Y0        BUFG (Prop_bufg_I_O)         0.077     2.573 r  clk_IBUF_BUFG_inst/O
                         net (fo=2508, routed)        1.390     3.963    IfId_reg/clk_IBUF_BUFG
    SLICE_X11Y109        FDCE                                         r  IfId_reg/IfId_instr_reg[11]/C

Slack:                    inf
  Source:                 rst
                            (input port)
  Destination:            IfId_reg/IfId_instr_reg[6]/CLR
                            (recovery check against rising-edge clock clk  {rise@0.000ns fall@3.750ns period=7.500ns})
  Path Group:             (none)
  Path Type:              Recovery (Max at Slow Process Corner)
  Data Path Delay:        6.922ns  (logic 0.998ns (14.422%)  route 5.924ns (85.578%))
  Logic Levels:           2  (IBUF=1 LUT6=1)
  Clock Path Skew:        3.963ns (DCD - SCD + CPR)
    Destination Clock Delay (DCD):    3.963ns
    Source Clock Delay      (SCD):    0.000ns
    Clock Pessimism Removal (CPR):    0.000ns
  Clock Uncertainty:      0.025ns  ((TSJ^2 + TIJ^2)^1/2 + DJ) / 2 + PE
    Total System Jitter     (TSJ):    0.050ns
    Total Input Jitter      (TIJ):    0.000ns
    Discrete Jitter          (DJ):    0.000ns
    Phase Error              (PE):    0.000ns

    Location             Delay type                Incr(ns)  Path(ns)    Netlist Resource(s)
  -------------------------------------------------------------------    -------------------
    L20                                               0.000     0.000 f  rst (IN)
                         net (fo=0)                   0.000     0.000    rst
    L20                  IBUF (Prop_ibuf_I_O)         0.893     0.893 f  rst_IBUF_inst/O
                         net (fo=1819, routed)        4.052     4.945    ExMa_reg/rst_IBUF
    SLICE_X20Y125        LUT6 (Prop_lut6_I0_O)        0.105     5.050 f  ExMa_reg/IfId_instr[30]_i_2/O
                         net (fo=124, routed)         1.872     6.922    IfId_reg/AR[0]
    SLICE_X11Y109        FDCE                                         f  IfId_reg/IfId_instr_reg[6]/CLR
  -------------------------------------------------------------------    -------------------

                         (clock clk rise edge)        0.000     0.000 r  
    L22                                               0.000     0.000 r  clk (IN)
                         net (fo=0)                   0.000     0.000    clk
    L22                  IBUF (Prop_ibuf_I_O)         0.762     0.762 r  clk_IBUF_inst/O
                         net (fo=1, routed)           1.734     2.496    clk_IBUF
    BUFGCTRL_X0Y0        BUFG (Prop_bufg_I_O)         0.077     2.573 r  clk_IBUF_BUFG_inst/O
                         net (fo=2508, routed)        1.390     3.963    IfId_reg/clk_IBUF_BUFG
    SLICE_X11Y109        FDCE                                         r  IfId_reg/IfId_instr_reg[6]/C

Slack:                    inf
  Source:                 rst
                            (input port)
  Destination:            IfId_reg/IfId_instr_reg[7]/CLR
                            (recovery check against rising-edge clock clk  {rise@0.000ns fall@3.750ns period=7.500ns})
  Path Group:             (none)
  Path Type:              Recovery (Max at Slow Process Corner)
  Data Path Delay:        6.922ns  (logic 0.998ns (14.422%)  route 5.924ns (85.578%))
  Logic Levels:           2  (IBUF=1 LUT6=1)
  Clock Path Skew:        3.963ns (DCD - SCD + CPR)
    Destination Clock Delay (DCD):    3.963ns
    Source Clock Delay      (SCD):    0.000ns
    Clock Pessimism Removal (CPR):    0.000ns
  Clock Uncertainty:      0.025ns  ((TSJ^2 + TIJ^2)^1/2 + DJ) / 2 + PE
    Total System Jitter     (TSJ):    0.050ns
    Total Input Jitter      (TIJ):    0.000ns
    Discrete Jitter          (DJ):    0.000ns
    Phase Error              (PE):    0.000ns

    Location             Delay type                Incr(ns)  Path(ns)    Netlist Resource(s)
  -------------------------------------------------------------------    -------------------
    L20                                               0.000     0.000 f  rst (IN)
                         net (fo=0)                   0.000     0.000    rst
    L20                  IBUF (Prop_ibuf_I_O)         0.893     0.893 f  rst_IBUF_inst/O
                         net (fo=1819, routed)        4.052     4.945    ExMa_reg/rst_IBUF
    SLICE_X20Y125        LUT6 (Prop_lut6_I0_O)        0.105     5.050 f  ExMa_reg/IfId_instr[30]_i_2/O
                         net (fo=124, routed)         1.872     6.922    IfId_reg/AR[0]
    SLICE_X11Y109        FDCE                                         f  IfId_reg/IfId_instr_reg[7]/CLR
  -------------------------------------------------------------------    -------------------

                         (clock clk rise edge)        0.000     0.000 r  
    L22                                               0.000     0.000 r  clk (IN)
                         net (fo=0)                   0.000     0.000    clk
    L22                  IBUF (Prop_ibuf_I_O)         0.762     0.762 r  clk_IBUF_inst/O
                         net (fo=1, routed)           1.734     2.496    clk_IBUF
    BUFGCTRL_X0Y0        BUFG (Prop_bufg_I_O)         0.077     2.573 r  clk_IBUF_BUFG_inst/O
                         net (fo=2508, routed)        1.390     3.963    IfId_reg/clk_IBUF_BUFG
    SLICE_X11Y109        FDCE                                         r  IfId_reg/IfId_instr_reg[7]/C

Slack:                    inf
  Source:                 rst
                            (input port)
  Destination:            IfId_reg/IfId_instr_reg[8]/CLR
                            (recovery check against rising-edge clock clk  {rise@0.000ns fall@3.750ns period=7.500ns})
  Path Group:             (none)
  Path Type:              Recovery (Max at Slow Process Corner)
  Data Path Delay:        6.922ns  (logic 0.998ns (14.422%)  route 5.924ns (85.578%))
  Logic Levels:           2  (IBUF=1 LUT6=1)
  Clock Path Skew:        3.963ns (DCD - SCD + CPR)
    Destination Clock Delay (DCD):    3.963ns
    Source Clock Delay      (SCD):    0.000ns
    Clock Pessimism Removal (CPR):    0.000ns
  Clock Uncertainty:      0.025ns  ((TSJ^2 + TIJ^2)^1/2 + DJ) / 2 + PE
    Total System Jitter     (TSJ):    0.050ns
    Total Input Jitter      (TIJ):    0.000ns
    Discrete Jitter          (DJ):    0.000ns
    Phase Error              (PE):    0.000ns

    Location             Delay type                Incr(ns)  Path(ns)    Netlist Resource(s)
  -------------------------------------------------------------------    -------------------
    L20                                               0.000     0.000 f  rst (IN)
                         net (fo=0)                   0.000     0.000    rst
    L20                  IBUF (Prop_ibuf_I_O)         0.893     0.893 f  rst_IBUF_inst/O
                         net (fo=1819, routed)        4.052     4.945    ExMa_reg/rst_IBUF
    SLICE_X20Y125        LUT6 (Prop_lut6_I0_O)        0.105     5.050 f  ExMa_reg/IfId_instr[30]_i_2/O
                         net (fo=124, routed)         1.872     6.922    IfId_reg/AR[0]
    SLICE_X11Y109        FDCE                                         f  IfId_reg/IfId_instr_reg[8]/CLR
  -------------------------------------------------------------------    -------------------

                         (clock clk rise edge)        0.000     0.000 r  
    L22                                               0.000     0.000 r  clk (IN)
                         net (fo=0)                   0.000     0.000    clk
    L22                  IBUF (Prop_ibuf_I_O)         0.762     0.762 r  clk_IBUF_inst/O
                         net (fo=1, routed)           1.734     2.496    clk_IBUF
    BUFGCTRL_X0Y0        BUFG (Prop_bufg_I_O)         0.077     2.573 r  clk_IBUF_BUFG_inst/O
                         net (fo=2508, routed)        1.390     3.963    IfId_reg/clk_IBUF_BUFG
    SLICE_X11Y109        FDCE                                         r  IfId_reg/IfId_instr_reg[8]/C

Slack:                    inf
  Source:                 rst
                            (input port)
  Destination:            IfId_reg/IfId_instr_reg[9]/CLR
                            (recovery check against rising-edge clock clk  {rise@0.000ns fall@3.750ns period=7.500ns})
  Path Group:             (none)
  Path Type:              Recovery (Max at Slow Process Corner)
  Data Path Delay:        6.922ns  (logic 0.998ns (14.422%)  route 5.924ns (85.578%))
  Logic Levels:           2  (IBUF=1 LUT6=1)
  Clock Path Skew:        3.963ns (DCD - SCD + CPR)
    Destination Clock Delay (DCD):    3.963ns
    Source Clock Delay      (SCD):    0.000ns
    Clock Pessimism Removal (CPR):    0.000ns
  Clock Uncertainty:      0.025ns  ((TSJ^2 + TIJ^2)^1/2 + DJ) / 2 + PE
    Total System Jitter     (TSJ):    0.050ns
    Total Input Jitter      (TIJ):    0.000ns
    Discrete Jitter          (DJ):    0.000ns
    Phase Error              (PE):    0.000ns

    Location             Delay type                Incr(ns)  Path(ns)    Netlist Resource(s)
  -------------------------------------------------------------------    -------------------
    L20                                               0.000     0.000 f  rst (IN)
                         net (fo=0)                   0.000     0.000    rst
    L20                  IBUF (Prop_ibuf_I_O)         0.893     0.893 f  rst_IBUF_inst/O
                         net (fo=1819, routed)        4.052     4.945    ExMa_reg/rst_IBUF
    SLICE_X20Y125        LUT6 (Prop_lut6_I0_O)        0.105     5.050 f  ExMa_reg/IfId_instr[30]_i_2/O
                         net (fo=124, routed)         1.872     6.922    IfId_reg/AR[0]
    SLICE_X11Y109        FDCE                                         f  IfId_reg/IfId_instr_reg[9]/CLR
  -------------------------------------------------------------------    -------------------

                         (clock clk rise edge)        0.000     0.000 r  
    L22                                               0.000     0.000 r  clk (IN)
                         net (fo=0)                   0.000     0.000    clk
    L22                  IBUF (Prop_ibuf_I_O)         0.762     0.762 r  clk_IBUF_inst/O
                         net (fo=1, routed)           1.734     2.496    clk_IBUF
    BUFGCTRL_X0Y0        BUFG (Prop_bufg_I_O)         0.077     2.573 r  clk_IBUF_BUFG_inst/O
                         net (fo=2508, routed)        1.390     3.963    IfId_reg/clk_IBUF_BUFG
    SLICE_X11Y109        FDCE                                         r  IfId_reg/IfId_instr_reg[9]/C

Slack:                    inf
  Source:                 rst
                            (input port)
  Destination:            branch_target_buffer/btb_table_reg[1][3]/R
                            (rising edge-triggered cell FDRE clocked by clk  {rise@0.000ns fall@3.750ns period=7.500ns})
  Path Group:             (none)
  Path Type:              Setup (Max at Slow Process Corner)
  Data Path Delay:        6.892ns  (logic 0.893ns (12.963%)  route 5.998ns (87.037%))
  Logic Levels:           1  (IBUF=1)
  Clock Path Skew:        3.962ns (DCD - SCD + CPR)
    Destination Clock Delay (DCD):    3.962ns
    Source Clock Delay      (SCD):    0.000ns
    Clock Pessimism Removal (CPR):    0.000ns
  Clock Uncertainty:      0.025ns  ((TSJ^2 + TIJ^2)^1/2 + DJ) / 2 + PE
    Total System Jitter     (TSJ):    0.050ns
    Total Input Jitter      (TIJ):    0.000ns
    Discrete Jitter          (DJ):    0.000ns
    Phase Error              (PE):    0.000ns

    Location             Delay type                Incr(ns)  Path(ns)    Netlist Resource(s)
  -------------------------------------------------------------------    -------------------
    L20                                               0.000     0.000 r  rst (IN)
                         net (fo=0)                   0.000     0.000    rst
    L20                  IBUF (Prop_ibuf_I_O)         0.893     0.893 r  rst_IBUF_inst/O
                         net (fo=1819, routed)        5.998     6.892    branch_target_buffer/rst_IBUF
    SLICE_X21Y100        FDRE                                         r  branch_target_buffer/btb_table_reg[1][3]/R
  -------------------------------------------------------------------    -------------------

                         (clock clk rise edge)        0.000     0.000 r  
    L22                                               0.000     0.000 r  clk (IN)
                         net (fo=0)                   0.000     0.000    clk
    L22                  IBUF (Prop_ibuf_I_O)         0.762     0.762 r  clk_IBUF_inst/O
                         net (fo=1, routed)           1.734     2.496    clk_IBUF
    BUFGCTRL_X0Y0        BUFG (Prop_bufg_I_O)         0.077     2.573 r  clk_IBUF_BUFG_inst/O
                         net (fo=2508, routed)        1.389     3.962    branch_target_buffer/clk_IBUF_BUFG
    SLICE_X21Y100        FDRE                                         r  branch_target_buffer/btb_table_reg[1][3]/C

Slack:                    inf
  Source:                 rst
                            (input port)
  Destination:            IfId_reg/IfId_pred_target_reg[5]/CLR
                            (recovery check against rising-edge clock clk  {rise@0.000ns fall@3.750ns period=7.500ns})
  Path Group:             (none)
  Path Type:              Recovery (Max at Slow Process Corner)
  Data Path Delay:        6.835ns  (logic 0.998ns (14.606%)  route 5.837ns (85.394%))
  Logic Levels:           2  (IBUF=1 LUT6=1)
  Clock Path Skew:        3.962ns (DCD - SCD + CPR)
    Destination Clock Delay (DCD):    3.962ns
    Source Clock Delay      (SCD):    0.000ns
    Clock Pessimism Removal (CPR):    0.000ns
  Clock Uncertainty:      0.025ns  ((TSJ^2 + TIJ^2)^1/2 + DJ) / 2 + PE
    Total System Jitter     (TSJ):    0.050ns
    Total Input Jitter      (TIJ):    0.000ns
    Discrete Jitter          (DJ):    0.000ns
    Phase Error              (PE):    0.000ns

    Location             Delay type                Incr(ns)  Path(ns)    Netlist Resource(s)
  -------------------------------------------------------------------    -------------------
    L20                                               0.000     0.000 f  rst (IN)
                         net (fo=0)                   0.000     0.000    rst
    L20                  IBUF (Prop_ibuf_I_O)         0.893     0.893 f  rst_IBUF_inst/O
                         net (fo=1819, routed)        4.052     4.945    ExMa_reg/rst_IBUF
    SLICE_X20Y125        LUT6 (Prop_lut6_I0_O)        0.105     5.050 f  ExMa_reg/IfId_instr[30]_i_2/O
                         net (fo=124, routed)         1.785     6.835    IfId_reg/AR[0]
    SLICE_X16Y108        FDCE                                         f  IfId_reg/IfId_pred_target_reg[5]/CLR
  -------------------------------------------------------------------    -------------------

                         (clock clk rise edge)        0.000     0.000 r  
    L22                                               0.000     0.000 r  clk (IN)
                         net (fo=0)                   0.000     0.000    clk
    L22                  IBUF (Prop_ibuf_I_O)         0.762     0.762 r  clk_IBUF_inst/O
                         net (fo=1, routed)           1.734     2.496    clk_IBUF
    BUFGCTRL_X0Y0        BUFG (Prop_bufg_I_O)         0.077     2.573 r  clk_IBUF_BUFG_inst/O
                         net (fo=2508, routed)        1.389     3.962    IfId_reg/clk_IBUF_BUFG
    SLICE_X16Y108        FDCE                                         r  IfId_reg/IfId_pred_target_reg[5]/C

Slack:                    inf
  Source:                 rst
                            (input port)
  Destination:            IfId_reg/IfId_pred_target_reg[7]/CLR
                            (recovery check against rising-edge clock clk  {rise@0.000ns fall@3.750ns period=7.500ns})
  Path Group:             (none)
  Path Type:              Recovery (Max at Slow Process Corner)
  Data Path Delay:        6.835ns  (logic 0.998ns (14.606%)  route 5.837ns (85.394%))
  Logic Levels:           2  (IBUF=1 LUT6=1)
  Clock Path Skew:        3.962ns (DCD - SCD + CPR)
    Destination Clock Delay (DCD):    3.962ns
    Source Clock Delay      (SCD):    0.000ns
    Clock Pessimism Removal (CPR):    0.000ns
  Clock Uncertainty:      0.025ns  ((TSJ^2 + TIJ^2)^1/2 + DJ) / 2 + PE
    Total System Jitter     (TSJ):    0.050ns
    Total Input Jitter      (TIJ):    0.000ns
    Discrete Jitter          (DJ):    0.000ns
    Phase Error              (PE):    0.000ns

    Location             Delay type                Incr(ns)  Path(ns)    Netlist Resource(s)
  -------------------------------------------------------------------    -------------------
    L20                                               0.000     0.000 f  rst (IN)
                         net (fo=0)                   0.000     0.000    rst
    L20                  IBUF (Prop_ibuf_I_O)         0.893     0.893 f  rst_IBUF_inst/O
                         net (fo=1819, routed)        4.052     4.945    ExMa_reg/rst_IBUF
    SLICE_X20Y125        LUT6 (Prop_lut6_I0_O)        0.105     5.050 f  ExMa_reg/IfId_instr[30]_i_2/O
                         net (fo=124, routed)         1.785     6.835    IfId_reg/AR[0]
    SLICE_X16Y108        FDCE                                         f  IfId_reg/IfId_pred_target_reg[7]/CLR
  -------------------------------------------------------------------    -------------------

                         (clock clk rise edge)        0.000     0.000 r  
    L22                                               0.000     0.000 r  clk (IN)
                         net (fo=0)                   0.000     0.000    clk
    L22                  IBUF (Prop_ibuf_I_O)         0.762     0.762 r  clk_IBUF_inst/O
                         net (fo=1, routed)           1.734     2.496    clk_IBUF
    BUFGCTRL_X0Y0        BUFG (Prop_bufg_I_O)         0.077     2.573 r  clk_IBUF_BUFG_inst/O
                         net (fo=2508, routed)        1.389     3.962    IfId_reg/clk_IBUF_BUFG
    SLICE_X16Y108        FDCE                                         r  IfId_reg/IfId_pred_target_reg[7]/C

Slack:                    inf
  Source:                 rst
                            (input port)
  Destination:            IfId_reg/IfId_pred_target_reg[10]/CLR
                            (recovery check against rising-edge clock clk  {rise@0.000ns fall@3.750ns period=7.500ns})
  Path Group:             (none)
  Path Type:              Recovery (Max at Slow Process Corner)
  Data Path Delay:        6.814ns  (logic 0.998ns (14.652%)  route 5.816ns (85.348%))
  Logic Levels:           2  (IBUF=1 LUT6=1)
  Clock Path Skew:        3.962ns (DCD - SCD + CPR)
    Destination Clock Delay (DCD):    3.962ns
    Source Clock Delay      (SCD):    0.000ns
    Clock Pessimism Removal (CPR):    0.000ns
  Clock Uncertainty:      0.025ns  ((TSJ^2 + TIJ^2)^1/2 + DJ) / 2 + PE
    Total System Jitter     (TSJ):    0.050ns
    Total Input Jitter      (TIJ):    0.000ns
    Discrete Jitter          (DJ):    0.000ns
    Phase Error              (PE):    0.000ns

    Location             Delay type                Incr(ns)  Path(ns)    Netlist Resource(s)
  -------------------------------------------------------------------    -------------------
    L20                                               0.000     0.000 f  rst (IN)
                         net (fo=0)                   0.000     0.000    rst
    L20                  IBUF (Prop_ibuf_I_O)         0.893     0.893 f  rst_IBUF_inst/O
                         net (fo=1819, routed)        4.052     4.945    ExMa_reg/rst_IBUF
    SLICE_X20Y125        LUT6 (Prop_lut6_I0_O)        0.105     5.050 f  ExMa_reg/IfId_instr[30]_i_2/O
                         net (fo=124, routed)         1.764     6.814    IfId_reg/AR[0]
    SLICE_X18Y109        FDCE                                         f  IfId_reg/IfId_pred_target_reg[10]/CLR
  -------------------------------------------------------------------    -------------------

                         (clock clk rise edge)        0.000     0.000 r  
    L22                                               0.000     0.000 r  clk (IN)
                         net (fo=0)                   0.000     0.000    clk
    L22                  IBUF (Prop_ibuf_I_O)         0.762     0.762 r  clk_IBUF_inst/O
                         net (fo=1, routed)           1.734     2.496    clk_IBUF
    BUFGCTRL_X0Y0        BUFG (Prop_bufg_I_O)         0.077     2.573 r  clk_IBUF_BUFG_inst/O
                         net (fo=2508, routed)        1.389     3.962    IfId_reg/clk_IBUF_BUFG
    SLICE_X18Y109        FDCE                                         r  IfId_reg/IfId_pred_target_reg[10]/C





Min Delay Paths
--------------------------------------------------------------------------------------
Slack:                    inf
  Source:                 rst
                            (input port)
  Destination:            branch_target_buffer/tag_reg[8][16]/R
                            (rising edge-triggered cell FDRE clocked by clk  {rise@0.000ns fall@3.750ns period=7.500ns})
  Path Group:             (none)
  Path Type:              Hold (Min at Fast Process Corner)
  Data Path Delay:        0.586ns  (logic 0.190ns (32.467%)  route 0.396ns (67.533%))
  Logic Levels:           1  (IBUF=1)
  Clock Path Skew:        2.079ns (DCD - SCD - CPR)
    Destination Clock Delay (DCD):    2.079ns
    Source Clock Delay      (SCD):    0.000ns
    Clock Pessimism Removal (CPR):    -0.000ns

    Location             Delay type                Incr(ns)  Path(ns)    Netlist Resource(s)
  -------------------------------------------------------------------    -------------------
    L20                                               0.000     0.000 r  rst (IN)
                         net (fo=0)                   0.000     0.000    rst
    L20                  IBUF (Prop_ibuf_I_O)         0.190     0.190 r  rst_IBUF_inst/O
                         net (fo=1819, routed)        0.396     0.586    branch_target_buffer/rst_IBUF
    SLICE_X1Y133         FDRE                                         r  branch_target_buffer/tag_reg[8][16]/R
  -------------------------------------------------------------------    -------------------

                         (clock clk rise edge)        0.000     0.000 r  
    L22                                               0.000     0.000 r  clk (IN)
                         net (fo=0)                   0.000     0.000    clk
    L22                  IBUF (Prop_ibuf_I_O)         0.378     0.378 r  clk_IBUF_inst/O
                         net (fo=1, routed)           0.750     1.128    clk_IBUF
    BUFGCTRL_X0Y0        BUFG (Prop_bufg_I_O)         0.029     1.157 r  clk_IBUF_BUFG_inst/O
                         net (fo=2508, routed)        0.922     2.079    branch_target_buffer/clk_IBUF_BUFG
    SLICE_X1Y133         FDRE                                         r  branch_target_buffer/tag_reg[8][16]/C

Slack:                    inf
  Source:                 rst
                            (input port)
  Destination:            branch_target_buffer/tag_reg[8][17]/R
                            (rising edge-triggered cell FDRE clocked by clk  {rise@0.000ns fall@3.750ns period=7.500ns})
  Path Group:             (none)
  Path Type:              Hold (Min at Fast Process Corner)
  Data Path Delay:        0.586ns  (logic 0.190ns (32.467%)  route 0.396ns (67.533%))
  Logic Levels:           1  (IBUF=1)
  Clock Path Skew:        2.079ns (DCD - SCD - CPR)
    Destination Clock Delay (DCD):    2.079ns
    Source Clock Delay      (SCD):    0.000ns
    Clock Pessimism Removal (CPR):    -0.000ns

    Location             Delay type                Incr(ns)  Path(ns)    Netlist Resource(s)
  -------------------------------------------------------------------    -------------------
    L20                                               0.000     0.000 r  rst (IN)
                         net (fo=0)                   0.000     0.000    rst
    L20                  IBUF (Prop_ibuf_I_O)         0.190     0.190 r  rst_IBUF_inst/O
                         net (fo=1819, routed)        0.396     0.586    branch_target_buffer/rst_IBUF
    SLICE_X1Y133         FDRE                                         r  branch_target_buffer/tag_reg[8][17]/R
  -------------------------------------------------------------------    -------------------

                         (clock clk rise edge)        0.000     0.000 r  
    L22                                               0.000     0.000 r  clk (IN)
                         net (fo=0)                   0.000     0.000    clk
    L22                  IBUF (Prop_ibuf_I_O)         0.378     0.378 r  clk_IBUF_inst/O
                         net (fo=1, routed)           0.750     1.128    clk_IBUF
    BUFGCTRL_X0Y0        BUFG (Prop_bufg_I_O)         0.029     1.157 r  clk_IBUF_BUFG_inst/O
                         net (fo=2508, routed)        0.922     2.079    branch_target_buffer/clk_IBUF_BUFG
    SLICE_X1Y133         FDRE                                         r  branch_target_buffer/tag_reg[8][17]/C

Slack:                    inf
  Source:                 rst
                            (input port)
  Destination:            branch_target_buffer/tag_reg[8][20]/R
                            (rising edge-triggered cell FDRE clocked by clk  {rise@0.000ns fall@3.750ns period=7.500ns})
  Path Group:             (none)
  Path Type:              Hold (Min at Fast Process Corner)
  Data Path Delay:        0.586ns  (logic 0.190ns (32.467%)  route 0.396ns (67.533%))
  Logic Levels:           1  (IBUF=1)
  Clock Path Skew:        2.079ns (DCD - SCD - CPR)
    Destination Clock Delay (DCD):    2.079ns
    Source Clock Delay      (SCD):    0.000ns
    Clock Pessimism Removal (CPR):    -0.000ns

    Location             Delay type                Incr(ns)  Path(ns)    Netlist Resource(s)
  -------------------------------------------------------------------    -------------------
    L20                                               0.000     0.000 r  rst (IN)
                         net (fo=0)                   0.000     0.000    rst
    L20                  IBUF (Prop_ibuf_I_O)         0.190     0.190 r  rst_IBUF_inst/O
                         net (fo=1819, routed)        0.396     0.586    branch_target_buffer/rst_IBUF
    SLICE_X1Y133         FDRE                                         r  branch_target_buffer/tag_reg[8][20]/R
  -------------------------------------------------------------------    -------------------

                         (clock clk rise edge)        0.000     0.000 r  
    L22                                               0.000     0.000 r  clk (IN)
                         net (fo=0)                   0.000     0.000    clk
    L22                  IBUF (Prop_ibuf_I_O)         0.378     0.378 r  clk_IBUF_inst/O
                         net (fo=1, routed)           0.750     1.128    clk_IBUF
    BUFGCTRL_X0Y0        BUFG (Prop_bufg_I_O)         0.029     1.157 r  clk_IBUF_BUFG_inst/O
                         net (fo=2508, routed)        0.922     2.079    branch_target_buffer/clk_IBUF_BUFG
    SLICE_X1Y133         FDRE                                         r  branch_target_buffer/tag_reg[8][20]/C

Slack:                    inf
  Source:                 rst
                            (input port)
  Destination:            branch_target_buffer/tag_reg[13][16]/R
                            (rising edge-triggered cell FDRE clocked by clk  {rise@0.000ns fall@3.750ns period=7.500ns})
  Path Group:             (none)
  Path Type:              Hold (Min at Fast Process Corner)
  Data Path Delay:        0.590ns  (logic 0.190ns (32.262%)  route 0.399ns (67.738%))
  Logic Levels:           1  (IBUF=1)
  Clock Path Skew:        2.079ns (DCD - SCD - CPR)
    Destination Clock Delay (DCD):    2.079ns
    Source Clock Delay      (SCD):    0.000ns
    Clock Pessimism Removal (CPR):    -0.000ns

    Location             Delay type                Incr(ns)  Path(ns)    Netlist Resource(s)
  -------------------------------------------------------------------    -------------------
    L20                                               0.000     0.000 r  rst (IN)
                         net (fo=0)                   0.000     0.000    rst
    L20                  IBUF (Prop_ibuf_I_O)         0.190     0.190 r  rst_IBUF_inst/O
                         net (fo=1819, routed)        0.399     0.590    branch_target_buffer/rst_IBUF
    SLICE_X0Y133         FDRE                                         r  branch_target_buffer/tag_reg[13][16]/R
  -------------------------------------------------------------------    -------------------

                         (clock clk rise edge)        0.000     0.000 r  
    L22                                               0.000     0.000 r  clk (IN)
                         net (fo=0)                   0.000     0.000    clk
    L22                  IBUF (Prop_ibuf_I_O)         0.378     0.378 r  clk_IBUF_inst/O
                         net (fo=1, routed)           0.750     1.128    clk_IBUF
    BUFGCTRL_X0Y0        BUFG (Prop_bufg_I_O)         0.029     1.157 r  clk_IBUF_BUFG_inst/O
                         net (fo=2508, routed)        0.922     2.079    branch_target_buffer/clk_IBUF_BUFG
    SLICE_X0Y133         FDRE                                         r  branch_target_buffer/tag_reg[13][16]/C

Slack:                    inf
  Source:                 rst
                            (input port)
  Destination:            branch_target_buffer/tag_reg[9][16]/R
                            (rising edge-triggered cell FDRE clocked by clk  {rise@0.000ns fall@3.750ns period=7.500ns})
  Path Group:             (none)
  Path Type:              Hold (Min at Fast Process Corner)
  Data Path Delay:        0.621ns  (logic 0.190ns (30.613%)  route 0.431ns (69.387%))
  Logic Levels:           1  (IBUF=1)
  Clock Path Skew:        2.078ns (DCD - SCD - CPR)
    Destination Clock Delay (DCD):    2.078ns
    Source Clock Delay      (SCD):    0.000ns
    Clock Pessimism Removal (CPR):    -0.000ns

    Location             Delay type                Incr(ns)  Path(ns)    Netlist Resource(s)
  -------------------------------------------------------------------    -------------------
    L20                                               0.000     0.000 r  rst (IN)
                         net (fo=0)                   0.000     0.000    rst
    L20                  IBUF (Prop_ibuf_I_O)         0.190     0.190 r  rst_IBUF_inst/O
                         net (fo=1819, routed)        0.431     0.621    branch_target_buffer/rst_IBUF
    SLICE_X1Y132         FDRE                                         r  branch_target_buffer/tag_reg[9][16]/R
  -------------------------------------------------------------------    -------------------

                         (clock clk rise edge)        0.000     0.000 r  
    L22                                               0.000     0.000 r  clk (IN)
                         net (fo=0)                   0.000     0.000    clk
    L22                  IBUF (Prop_ibuf_I_O)         0.378     0.378 r  clk_IBUF_inst/O
                         net (fo=1, routed)           0.750     1.128    clk_IBUF
    BUFGCTRL_X0Y0        BUFG (Prop_bufg_I_O)         0.029     1.157 r  clk_IBUF_BUFG_inst/O
                         net (fo=2508, routed)        0.921     2.078    branch_target_buffer/clk_IBUF_BUFG
    SLICE_X1Y132         FDRE                                         r  branch_target_buffer/tag_reg[9][16]/C

Slack:                    inf
  Source:                 rst
                            (input port)
  Destination:            branch_target_buffer/tag_reg[9][18]/R
                            (rising edge-triggered cell FDRE clocked by clk  {rise@0.000ns fall@3.750ns period=7.500ns})
  Path Group:             (none)
  Path Type:              Hold (Min at Fast Process Corner)
  Data Path Delay:        0.621ns  (logic 0.190ns (30.613%)  route 0.431ns (69.387%))
  Logic Levels:           1  (IBUF=1)
  Clock Path Skew:        2.078ns (DCD - SCD - CPR)
    Destination Clock Delay (DCD):    2.078ns
    Source Clock Delay      (SCD):    0.000ns
    Clock Pessimism Removal (CPR):    -0.000ns

    Location             Delay type                Incr(ns)  Path(ns)    Netlist Resource(s)
  -------------------------------------------------------------------    -------------------
    L20                                               0.000     0.000 r  rst (IN)
                         net (fo=0)                   0.000     0.000    rst
    L20                  IBUF (Prop_ibuf_I_O)         0.190     0.190 r  rst_IBUF_inst/O
                         net (fo=1819, routed)        0.431     0.621    branch_target_buffer/rst_IBUF
    SLICE_X1Y132         FDRE                                         r  branch_target_buffer/tag_reg[9][18]/R
  -------------------------------------------------------------------    -------------------

                         (clock clk rise edge)        0.000     0.000 r  
    L22                                               0.000     0.000 r  clk (IN)
                         net (fo=0)                   0.000     0.000    clk
    L22                  IBUF (Prop_ibuf_I_O)         0.378     0.378 r  clk_IBUF_inst/O
                         net (fo=1, routed)           0.750     1.128    clk_IBUF
    BUFGCTRL_X0Y0        BUFG (Prop_bufg_I_O)         0.029     1.157 r  clk_IBUF_BUFG_inst/O
                         net (fo=2508, routed)        0.921     2.078    branch_target_buffer/clk_IBUF_BUFG
    SLICE_X1Y132         FDRE                                         r  branch_target_buffer/tag_reg[9][18]/C

Slack:                    inf
  Source:                 rst
                            (input port)
  Destination:            branch_target_buffer/tag_reg[13][23]/R
                            (rising edge-triggered cell FDRE clocked by clk  {rise@0.000ns fall@3.750ns period=7.500ns})
  Path Group:             (none)
  Path Type:              Hold (Min at Fast Process Corner)
  Data Path Delay:        0.625ns  (logic 0.190ns (30.430%)  route 0.435ns (69.570%))
  Logic Levels:           1  (IBUF=1)
  Clock Path Skew:        2.078ns (DCD - SCD - CPR)
    Destination Clock Delay (DCD):    2.078ns
    Source Clock Delay      (SCD):    0.000ns
    Clock Pessimism Removal (CPR):    -0.000ns

    Location             Delay type                Incr(ns)  Path(ns)    Netlist Resource(s)
  -------------------------------------------------------------------    -------------------
    L20                                               0.000     0.000 r  rst (IN)
                         net (fo=0)                   0.000     0.000    rst
    L20                  IBUF (Prop_ibuf_I_O)         0.190     0.190 r  rst_IBUF_inst/O
                         net (fo=1819, routed)        0.435     0.625    branch_target_buffer/rst_IBUF
    SLICE_X0Y132         FDRE                                         r  branch_target_buffer/tag_reg[13][23]/R
  -------------------------------------------------------------------    -------------------

                         (clock clk rise edge)        0.000     0.000 r  
    L22                                               0.000     0.000 r  clk (IN)
                         net (fo=0)                   0.000     0.000    clk
    L22                  IBUF (Prop_ibuf_I_O)         0.378     0.378 r  clk_IBUF_inst/O
                         net (fo=1, routed)           0.750     1.128    clk_IBUF
    BUFGCTRL_X0Y0        BUFG (Prop_bufg_I_O)         0.029     1.157 r  clk_IBUF_BUFG_inst/O
                         net (fo=2508, routed)        0.921     2.078    branch_target_buffer/clk_IBUF_BUFG
    SLICE_X0Y132         FDRE                                         r  branch_target_buffer/tag_reg[13][23]/C

Slack:                    inf
  Source:                 rst
                            (input port)
  Destination:            branch_target_buffer/tag_reg[11][14]/R
                            (rising edge-triggered cell FDRE clocked by clk  {rise@0.000ns fall@3.750ns period=7.500ns})
  Path Group:             (none)
  Path Type:              Hold (Min at Fast Process Corner)
  Data Path Delay:        0.654ns  (logic 0.190ns (29.105%)  route 0.463ns (70.895%))
  Logic Levels:           1  (IBUF=1)
  Clock Path Skew:        2.080ns (DCD - SCD - CPR)
    Destination Clock Delay (DCD):    2.080ns
    Source Clock Delay      (SCD):    0.000ns
    Clock Pessimism Removal (CPR):    -0.000ns

    Location             Delay type                Incr(ns)  Path(ns)    Netlist Resource(s)
  -------------------------------------------------------------------    -------------------
    L20                                               0.000     0.000 r  rst (IN)
                         net (fo=0)                   0.000     0.000    rst
    L20                  IBUF (Prop_ibuf_I_O)         0.190     0.190 r  rst_IBUF_inst/O
                         net (fo=1819, routed)        0.463     0.654    branch_target_buffer/rst_IBUF
    SLICE_X1Y134         FDRE                                         r  branch_target_buffer/tag_reg[11][14]/R
  -------------------------------------------------------------------    -------------------

                         (clock clk rise edge)        0.000     0.000 r  
    L22                                               0.000     0.000 r  clk (IN)
                         net (fo=0)                   0.000     0.000    clk
    L22                  IBUF (Prop_ibuf_I_O)         0.378     0.378 r  clk_IBUF_inst/O
                         net (fo=1, routed)           0.750     1.128    clk_IBUF
    BUFGCTRL_X0Y0        BUFG (Prop_bufg_I_O)         0.029     1.157 r  clk_IBUF_BUFG_inst/O
                         net (fo=2508, routed)        0.923     2.080    branch_target_buffer/clk_IBUF_BUFG
    SLICE_X1Y134         FDRE                                         r  branch_target_buffer/tag_reg[11][14]/C

Slack:                    inf
  Source:                 rst
                            (input port)
  Destination:            branch_target_buffer/tag_reg[11][20]/R
                            (rising edge-triggered cell FDRE clocked by clk  {rise@0.000ns fall@3.750ns period=7.500ns})
  Path Group:             (none)
  Path Type:              Hold (Min at Fast Process Corner)
  Data Path Delay:        0.654ns  (logic 0.190ns (29.105%)  route 0.463ns (70.895%))
  Logic Levels:           1  (IBUF=1)
  Clock Path Skew:        2.080ns (DCD - SCD - CPR)
    Destination Clock Delay (DCD):    2.080ns
    Source Clock Delay      (SCD):    0.000ns
    Clock Pessimism Removal (CPR):    -0.000ns

    Location             Delay type                Incr(ns)  Path(ns)    Netlist Resource(s)
  -------------------------------------------------------------------    -------------------
    L20                                               0.000     0.000 r  rst (IN)
                         net (fo=0)                   0.000     0.000    rst
    L20                  IBUF (Prop_ibuf_I_O)         0.190     0.190 r  rst_IBUF_inst/O
                         net (fo=1819, routed)        0.463     0.654    branch_target_buffer/rst_IBUF
    SLICE_X1Y134         FDRE                                         r  branch_target_buffer/tag_reg[11][20]/R
  -------------------------------------------------------------------    -------------------

                         (clock clk rise edge)        0.000     0.000 r  
    L22                                               0.000     0.000 r  clk (IN)
                         net (fo=0)                   0.000     0.000    clk
    L22                  IBUF (Prop_ibuf_I_O)         0.378     0.378 r  clk_IBUF_inst/O
                         net (fo=1, routed)           0.750     1.128    clk_IBUF
    BUFGCTRL_X0Y0        BUFG (Prop_bufg_I_O)         0.029     1.157 r  clk_IBUF_BUFG_inst/O
                         net (fo=2508, routed)        0.923     2.080    branch_target_buffer/clk_IBUF_BUFG
    SLICE_X1Y134         FDRE                                         r  branch_target_buffer/tag_reg[11][20]/C

Slack:                    inf
  Source:                 rst
                            (input port)
  Destination:            branch_target_buffer/tag_reg[4][16]/R
                            (rising edge-triggered cell FDRE clocked by clk  {rise@0.000ns fall@3.750ns period=7.500ns})
  Path Group:             (none)
  Path Type:              Hold (Min at Fast Process Corner)
  Data Path Delay:        0.657ns  (logic 0.190ns (28.940%)  route 0.467ns (71.060%))
  Logic Levels:           1  (IBUF=1)
  Clock Path Skew:        2.080ns (DCD - SCD - CPR)
    Destination Clock Delay (DCD):    2.080ns
    Source Clock Delay      (SCD):    0.000ns
    Clock Pessimism Removal (CPR):    -0.000ns

    Location             Delay type                Incr(ns)  Path(ns)    Netlist Resource(s)
  -------------------------------------------------------------------    -------------------
    L20                                               0.000     0.000 r  rst (IN)
                         net (fo=0)                   0.000     0.000    rst
    L20                  IBUF (Prop_ibuf_I_O)         0.190     0.190 r  rst_IBUF_inst/O
                         net (fo=1819, routed)        0.467     0.657    branch_target_buffer/rst_IBUF
    SLICE_X0Y134         FDRE                                         r  branch_target_buffer/tag_reg[4][16]/R
  -------------------------------------------------------------------    -------------------

                         (clock clk rise edge)        0.000     0.000 r  
    L22                                               0.000     0.000 r  clk (IN)
                         net (fo=0)                   0.000     0.000    clk
    L22                  IBUF (Prop_ibuf_I_O)         0.378     0.378 r  clk_IBUF_inst/O
                         net (fo=1, routed)           0.750     1.128    clk_IBUF
    BUFGCTRL_X0Y0        BUFG (Prop_bufg_I_O)         0.029     1.157 r  clk_IBUF_BUFG_inst/O
                         net (fo=2508, routed)        0.923     2.080    branch_target_buffer/clk_IBUF_BUFG
    SLICE_X0Y134         FDRE                                         r  branch_target_buffer/tag_reg[4][16]/C





